iteration,individual,inventory
0,0,0
0,1,0
0,2,0
0,3,0
0,4,0
0,5,0
0,6,0
0,7,0
0,8,0
0,9,0
1,0,0
1,1,0
1,2,2
1,3,0
1,4,0
1,5,0
1,6,0
1,7,1
1,8,0
1,9,1
2,0,0
2,1,0
2,2,0
2,3,2
2,4,0
2,5,0
2,6,1
2,7,0
2,8,0
2,9,0
3,0,0
3,1,0
3,2,0
3,3,0
3,4,0
3,5,0
3,6,0
3,7,0
3,8,0
3,9,1
4,0,0
4,1,0
4,2,0
4,3,0
4,4,1
4,5,0
4,6,0
4,7,0
4,8,0
4,9,0
5,0,0
5,1,0
5,2,0
5,3,0
5,4,0
5,5,0
5,6,0
5,7,0
5,8,0
5,9,0
6,0,0
6,1,0
6,2,0
6,3,0
6,4,0
6,5,0
6,6,1
6,7,0
6,8,0
6,9,1
7,0,0
7,1,0
7,2,0
7,3,0
7,4,0
7,5,0
7,6,0
7,7,0
7,8,0
7,9,0
8,0,0
8,1,0
8,2,0
8,3,0
8,4,0
8,5,3
8,6,0
8,7,0
8,8,0
8,9,0
9,0,0
9,1,0
9,2,0
9,3,0
9,4,0
9,5,0
9,6,1
9,7,0
9,8,0
9,9,0
10,0,0
10,1,0
10,2,0
10,3,0
10,4,0
10,5,0
10,6,0
10,7,0
10,8,0
10,9,0
11,0,0
11,1,0
11,2,0
11,3,0
11,4,0
11,5,0
11,6,0
11,7,0
11,8,0
11,9,0
12,0,0
12,1,0
12,2,0
12,3,0
12,4,1
12,5,0
12,6,0
12,7,0
12,8,0
12,9,0
13,0,0
13,1,1
13,2,0
13,3,0
13,4,0
13,5,0
13,6,1
13,7,0
13,8,0
13,9,0
14,0,0
14,1,3
14,2,0
14,3,0
14,4,0
14,5,0
14,6,0
14,7,0
14,8,0
14,9,0
15,0,0
15,1,0
15,2,0
15,3,0
15,4,0
15,5,0
15,6,0
15,7,0
15,8,0
15,9,0
16,0,0
16,1,1
16,2,1
16,3,0
16,4,0
16,5,0
16,6,1
16,7,0
16,8,0
16,9,0
17,0,0
17,1,0
17,2,0
17,3,0
17,4,0
17,5,0
17,6,0
17,7,0
17,8,0
17,9,0
18,0,0
18,1,0
18,2,0
18,3,0
18,4,0
18,5,2
18,6,0
18,7,0
18,8,0
18,9,0
19,0,0
19,1,0
19,2,0
19,3,0
19,4,0
19,5,0
19,6,0
19,7,0
19,8,0
19,9,0
20,0,0
20,1,0
20,2,0
20,3,0
20,4,0
20,5,0
20,6,0
20,7,0
20,8,1
20,9,0
21,0,0
21,1,0
21,2,0
21,3,0
21,4,1
21,5,0
21,6,0
21,7,0
21,8,0
21,9,0
22,0,0
22,1,0
22,2,0
22,3,0
22,4,0
22,5,0
22,6,1
22,7,1
22,8,0
22,9,1
23,0,0
23,1,0
23,2,0
23,3,0
23,4,0
23,5,0
23,6,0
23,7,0
23,8,0
23,9,0
24,0,0
24,1,0
24,2,0
24,3,0
24,4,0
24,5,0
24,6,0
24,7,0
24,8,0
24,9,0
25,0,2
25,1,0
25,2,0
25,3,0
25,4,0
25,5,1
25,6,0
25,7,0
25,8,0
25,9,0
26,0,0
26,1,0
26,2,0
26,3,0
26,4,0
26,5,0
26,6,0
26,7,0
26,8,1
26,9,0
27,0,0
27,1,1
27,2,0
27,3,0
27,4,1
27,5,1
27,6,0
27,7,0
27,8,0
27,9,0
28,0,0
28,1,0
28,2,0
28,3,0
28,4,0
28,5,0
28,6,0
28,7,0
28,8,0
28,9,0
29,0,1
29,1,0
29,2,1
29,3,0
29,4,0
29,5,0
29,6,0
29,7,1
29,8,1
29,9,0
30,0,0
30,1,2
30,2,0
30,3,0
30,4,1
30,5,0
30,6,0
30,7,0
30,8,0
30,9,0
31,0,0
31,1,1
31,2,0
31,3,0
31,4,0
31,5,0
31,6,0
31,7,0
31,8,0
31,9,1
32,0,0
32,1,0
32,2,0
32,3,0
32,4,1
32,5,0
32,6,0
32,7,0
32,8,1
32,9,0
33,0,0
33,1,0
33,2,1
33,3,0
33,4,0
33,5,1
33,6,0
33,7,0
33,8,1
33,9,0
34,0,1
34,1,0
34,2,1
34,3,1
34,4,0
34,5,0
34,6,0
34,7,1
34,8,0
34,9,0
35,0,0
35,1,0
35,2,0
35,3,0
35,4,0
35,5,0
35,6,0
35,7,0
35,8,0
35,9,0
36,0,0
36,1,0
36,2,0
36,3,1
36,4,0
36,5,0
36,6,0
36,7,0
36,8,0
36,9,0
37,0,0
37,1,0
37,2,0
37,3,0
37,4,0
37,5,0
37,6,0
37,7,0
37,8,0
37,9,1
38,0,0
38,1,1
38,2,0
38,3,0
38,4,1
38,5,0
38,6,0
38,7,1
38,8,0
38,9,0
39,0,0
39,1,0
39,2,0
39,3,0
39,4,1
39,5,0
39,6,0
39,7,0
39,8,0
39,9,0
40,0,0
40,1,0
40,2,0
40,3,0
40,4,0
40,5,0
40,6,0
40,7,0
40,8,0
40,9,0
41,0,0
41,1,0
41,2,1
41,3,0
41,4,0
41,5,0
41,6,0
41,7,0
41,8,0
41,9,0
42,0,0
42,1,0
42,2,0
42,3,0
42,4,0
42,5,0
42,6,0
42,7,0
42,8,1
42,9,1
43,0,0
43,1,0
43,2,0
43,3,0
43,4,0
43,5,0
43,6,0
43,7,0
43,8,0
43,9,0
44,0,0
44,1,0
44,2,0
44,3,0
44,4,0
44,5,0
44,6,0
44,7,0
44,8,0
44,9,1
45,0,0
45,1,0
45,2,0
45,3,0
45,4,1
45,5,0
45,6,1
45,7,0
45,8,1
45,9,0
46,0,0
46,1,0
46,2,0
46,3,0
46,4,0
46,5,1
46,6,1
46,7,0
46,8,0
46,9,0
47,0,0
47,1,0
47,2,0
47,3,0
47,4,0
47,5,1
47,6,0
47,7,1
47,8,0
47,9,0
48,0,0
48,1,0
48,2,0
48,3,0
48,4,0
48,5,1
48,6,1
48,7,0
48,8,0
48,9,0
49,0,1
49,1,0
49,2,0
49,3,0
49,4,0
49,5,0
49,6,0
49,7,0
49,8,0
49,9,0
50,0,0
50,1,0
50,2,0
50,3,0
50,4,0
50,5,0
50,6,0
50,7,0
50,8,0
50,9,0
51,0,1
51,1,0
51,2,0
51,3,0
51,4,0
51,5,0
51,6,0
51,7,0
51,8,0
51,9,0
52,0,0
52,1,0
52,2,1
52,3,0
52,4,0
52,5,0
52,6,0
52,7,1
52,8,1
52,9,0
53,0,0
53,1,0
53,2,0
53,3,0
53,4,0
53,5,0
53,6,0
53,7,0
53,8,0
53,9,0
54,0,0
54,1,0
54,2,1
54,3,0
54,4,0
54,5,1
54,6,1
54,7,1
54,8,0
54,9,0
55,0,0
55,1,0
55,2,0
55,3,0
55,4,0
55,5,0
55,6,0
55,7,0
55,8,0
55,9,0
56,0,0
56,1,0
56,2,1
56,3,1
56,4,0
56,5,0
56,6,0
56,7,0
56,8,0
56,9,0
57,0,0
57,1,0
57,2,0
57,3,0
57,4,2
57,5,0
57,6,0
57,7,2
57,8,0
57,9,3
58,0,0
58,1,1
58,2,0
58,3,0
58,4,0
58,5,0
58,6,0
58,7,0
58,8,0
58,9,0
59,0,0
59,1,0
59,2,0
59,3,0
59,4,0
59,5,1
59,6,0
59,7,0
59,8,0
59,9,0
60,0,1
60,1,0
60,2,0
60,3,1
60,4,0
60,5,1
60,6,0
60,7,0
60,8,0
60,9,0
61,0,0
61,1,0
61,2,0
61,3,2
61,4,2
61,5,0
61,6,1
61,7,0
61,8,0
61,9,0
62,0,0
62,1,1
62,2,0
62,3,0
62,4,0
62,5,1
62,6,0
62,7,0
62,8,0
62,9,0
63,0,0
63,1,0
63,2,0
63,3,0
63,4,0
63,5,0
63,6,1
63,7,2
63,8,0
63,9,0
64,0,1
64,1,1
64,2,0
64,3,0
64,4,0
64,5,0
64,6,0
64,7,0
64,8,0
64,9,0
65,0,0
65,1,0
65,2,0
65,3,1
65,4,1
65,5,0
65,6,0
65,7,0
65,8,2
65,9,0
66,0,0
66,1,1
66,2,0
66,3,1
66,4,0
66,5,0
66,6,1
66,7,0
66,8,0
66,9,0
67,0,0
67,1,0
67,2,0
67,3,0
67,4,0
67,5,0
67,6,0
67,7,0
67,8,0
67,9,0
68,0,0
68,1,0
68,2,0
68,3,1
68,4,0
68,5,0
68,6,0
68,7,1
68,8,1
68,9,0
69,0,0
69,1,1
69,2,0
69,3,1
69,4,1
69,5,0
69,6,0
69,7,1
69,8,0
69,9,0
70,0,0
70,1,0
70,2,0
70,3,0
70,4,1
70,5,1
70,6,0
70,7,0
70,8,0
70,9,0
71,0,0
71,1,2
71,2,0
71,3,0
71,4,0
71,5,0
71,6,0
71,7,0
71,8,0
71,9,0
72,0,1
72,1,0
72,2,0
72,3,1
72,4,1
72,5,0
72,6,0
72,7,1
72,8,0
72,9,0
73,0,1
73,1,0
73,2,0
73,3,1
73,4,0
73,5,0
73,6,0
73,7,0
73,8,0
73,9,0
74,0,0
74,1,0
74,2,0
74,3,0
74,4,0
74,5,2
74,6,0
74,7,0
74,8,0
74,9,0
75,0,0
75,1,0
75,2,0
75,3,0
75,4,1
75,5,0
75,6,0
75,7,0
75,8,2
75,9,0
76,0,0
76,1,0
76,2,0
76,3,0
76,4,0
76,5,1
76,6,0
76,7,0
76,8,0
76,9,1
77,0,0
77,1,1
77,2,1
77,3,0
77,4,0
77,5,0
77,6,0
77,7,0
77,8,0
77,9,0
78,0,0
78,1,1
78,2,0
78,3,1
78,4,0
78,5,1
78,6,1
78,7,0
78,8,0
78,9,1
79,0,0
79,1,0
79,2,0
79,3,1
79,4,0
79,5,0
79,6,0
79,7,0
79,8,0
79,9,0
80,0,0
80,1,0
80,2,0
80,3,0
80,4,0
80,5,0
80,6,1
80,7,0
80,8,1
80,9,0
81,0,1
81,1,0
81,2,0
81,3,0
81,4,1
81,5,0
81,6,0
81,7,0
81,8,1
81,9,0
82,0,0
82,1,1
82,2,0
82,3,0
82,4,0
82,5,0
82,6,1
82,7,0
82,8,0
82,9,0
83,0,0
83,1,0
83,2,0
83,3,0
83,4,0
83,5,0
83,6,0
83,7,0
83,8,1
83,9,1
84,0,1
84,1,0
84,2,0
84,3,0
84,4,0
84,5,0
84,6,0
84,7,1
84,8,0
84,9,0
85,0,0
85,1,0
85,2,0
85,3,1
85,4,0
85,5,0
85,6,1
85,7,0
85,8,0
85,9,0
86,0,1
86,1,0
86,2,0
86,3,0
86,4,0
86,5,0
86,6,0
86,7,0
86,8,2
86,9,0
87,0,0
87,1,1
87,2,0
87,3,0
87,4,1
87,5,0
87,6,0
87,7,0
87,8,0
87,9,0
88,0,0
88,1,0
88,2,1
88,3,0
88,4,0
88,5,0
88,6,0
88,7,0
88,8,0
88,9,0
89,0,0
89,1,0
89,2,0
89,3,1
89,4,0
89,5,0
89,6,1
89,7,0
89,8,0
89,9,0
90,0,0
90,1,0
90,2,0
90,3,1
90,4,0
90,5,1
90,6,1
90,7,0
90,8,0
90,9,0
91,0,0
91,1,0
91,2,0
91,3,0
91,4,0
91,5,0
91,6,0
91,7,0
91,8,2
91,9,0
92,0,0
92,1,1
92,2,0
92,3,0
92,4,0
92,5,0
92,6,0
92,7,0
92,8,0
92,9,0
93,0,2
93,1,0
93,2,0
93,3,0
93,4,0
93,5,0
93,6,0
93,7,0
93,8,0
93,9,0
94,0,1
94,1,1
94,2,0
94,3,0
94,4,0
94,5,1
94,6,1
94,7,2
94,8,0
94,9,0
95,0,0
95,1,1
95,2,0
95,3,0
95,4,0
95,5,0
95,6,0
95,7,0
95,8,0
95,9,0
96,0,2
96,1,0
96,2,0
96,3,0
96,4,0
96,5,3
96,6,0
96,7,0
96,8,0
96,9,0
97,0,0
97,1,0
97,2,0
97,3,0
97,4,0
97,5,0
97,6,0
97,7,0
97,8,0
97,9,0
98,0,0
98,1,1
98,2,0
98,3,0
98,4,0
98,5,1
98,6,0
98,7,0
98,8,0
98,9,0
99,0,1
99,1,1
99,2,0
99,3,1
99,4,0
99,5,1
99,6,0
99,7,0
99,8,0
99,9,0
100,0,0
100,1,0
100,2,0
100,3,0
100,4,0
100,5,0
100,6,0
100,7,0
100,8,0
100,9,0
101,0,0
101,1,0
101,2,1
101,3,0
101,4,0
101,5,0
101,6,1
101,7,0
101,8,0
101,9,0
102,0,0
102,1,1
102,2,0
102,3,0
102,4,0
102,5,0
102,6,2
102,7,0
102,8,0
102,9,0
103,0,0
103,1,0
103,2,0
103,3,0
103,4,0
103,5,1
103,6,1
103,7,0
103,8,0
103,9,1
104,0,0
104,1,1
104,2,0
104,3,0
104,4,0
104,5,0
104,6,0
104,7,0
104,8,0
104,9,0
105,0,0
105,1,0
105,2,0
105,3,0
105,4,1
105,5,1
105,6,0
105,7,1
105,8,0
105,9,1
106,0,0
106,1,0
106,2,1
106,3,0
106,4,0
106,5,2
106,6,0
106,7,0
106,8,0
106,9,0
107,0,0
107,1,1
107,2,0
107,3,1
107,4,1
107,5,0
107,6,0
107,7,1
107,8,0
107,9,0
108,0,1
108,1,0
108,2,0
108,3,0
108,4,1
108,5,0
108,6,0
108,7,0
108,8,1
108,9,0
109,0,0
109,1,0
109,2,0
109,3,0
109,4,0
109,5,0
109,6,0
109,7,0
109,8,0
109,9,1
110,0,0
110,1,0
110,2,0
110,3,0
110,4,0
110,5,0
110,6,1
110,7,0
110,8,0
110,9,0
111,0,2
111,1,0
111,2,0
111,3,0
111,4,0
111,5,0
111,6,0
111,7,0
111,8,0
111,9,0
112,0,0
112,1,0
112,2,0
112,3,0
112,4,0
112,5,0
112,6,0
112,7,0
112,8,0
112,9,0
113,0,0
113,1,0
113,2,1
113,3,0
113,4,0
113,5,0
113,6,1
113,7,0
113,8,0
113,9,0
114,0,0
114,1,0
114,2,0
114,3,0
114,4,0
114,5,0
114,6,0
114,7,0
114,8,0
114,9,0
115,0,0
115,1,0
115,2,0
115,3,0
115,4,0
115,5,0
115,6,0
115,7,0
115,8,0
115,9,1
116,0,0
116,1,0
116,2,0
116,3,0
116,4,0
116,5,0
116,6,0
116,7,0
116,8,0
116,9,0
117,0,0
117,1,0
117,2,0
117,3,0
117,4,1
117,5,1
117,6,1
117,7,1
117,8,0
117,9,0
118,0,2
118,1,0
118,2,0
118,3,0
118,4,0
118,5,0
118,6,0
118,7,0
118,8,0
118,9,0
119,0,0
119,1,1
119,2,0
119,3,0
119,4,0
119,5,0
119,6,0
119,7,0
119,8,0
119,9,0
120,0,0
120,1,0
120,2,0
120,3,0
120,4,6
120,5,4
120,6,0
120,7,1
120,8,0
120,9,0
121,0,0
121,1,0
121,2,0
121,3,0
121,4,0
121,5,2
121,6,0
121,7,0
121,8,0
121,9,0
122,0,0
122,1,1
122,2,0
122,3,0
122,4,0
122,5,0
122,6,0
122,7,0
122,8,1
122,9,0
123,0,0
123,1,0
123,2,0
123,3,0
123,4,0
123,5,0
123,6,0
123,7,1
123,8,0
123,9,1
124,0,0
124,1,0
124,2,1
124,3,0
124,4,0
124,5,1
124,6,1
124,7,1
124,8,0
124,9,0
125,0,1
125,1,1
125,2,0
125,3,1
125,4,0
125,5,0
125,6,0
125,7,0
125,8,0
125,9,0
126,0,0
126,1,0
126,2,0
126,3,0
126,4,0
126,5,0
126,6,0
126,7,0
126,8,0
126,9,0
127,0,0
127,1,0
127,2,0
127,3,0
127,4,0
127,5,1
127,6,1
127,7,0
127,8,0
127,9,0
128,0,0
128,1,0
128,2,0
128,3,0
128,4,0
128,5,0
128,6,1
128,7,0
128,8,0
128,9,0
129,0,1
129,1,1
129,2,2
129,3,0
129,4,0
129,5,0
129,6,0
129,7,0
129,8,2
129,9,1
130,0,0
130,1,1
130,2,0
130,3,0
130,4,0
130,5,0
130,6,1
130,7,1
130,8,0
130,9,0
131,0,0
131,1,1
131,2,0
131,3,1
131,4,0
131,5,0
131,6,0
131,7,0
131,8,0
131,9,1
132,0,0
132,1,0
132,2,0
132,3,0
132,4,0
132,5,0
132,6,0
132,7,0
132,8,0
132,9,2
133,0,1
133,1,0
133,2,1
133,3,2
133,4,0
133,5,0
133,6,0
133,7,0
133,8,0
133,9,0
134,0,0
134,1,1
134,2,0
134,3,1
134,4,0
134,5,0
134,6,0
134,7,0
134,8,0
134,9,0
135,0,0
135,1,0
135,2,0
135,3,1
135,4,0
135,5,1
135,6,0
135,7,0
135,8,0
135,9,1
136,0,1
136,1,1
136,2,0
136,3,0
136,4,0
136,5,2
136,6,0
136,7,1
136,8,0
136,9,0
137,0,0
137,1,0
137,2,0
137,3,0
137,4,0
137,5,0
137,6,3
137,7,0
137,8,1
137,9,0
138,0,0
138,1,0
138,2,1
138,3,0
138,4,0
138,5,1
138,6,2
138,7,0
138,8,0
138,9,0
139,0,0
139,1,0
139,2,0
139,3,0
139,4,0
139,5,1
139,6,2
139,7,0
139,8,0
139,9,0
140,0,0
140,1,0
140,2,0
140,3,0
140,4,2
140,5,2
140,6,0
140,7,0
140,8,0
140,9,3
141,0,0
141,1,1
141,2,0
141,3,0
141,4,1
141,5,1
141,6,1
141,7,0
141,8,1
141,9,0
142,0,1
142,1,2
142,2,1
142,3,0
142,4,0
142,5,1
142,6,0
142,7,1
142,8,0
142,9,1
143,0,0
143,1,0
143,2,0
143,3,0
143,4,0
143,5,0
143,6,0
143,7,0
143,8,1
143,9,0
144,0,0
144,1,0
144,2,0
144,3,2
144,4,0
144,5,1
144,6,0
144,7,2
144,8,0
144,9,0
145,0,1
145,1,3
145,2,2
145,3,0
145,4,1
145,5,0
145,6,2
145,7,1
145,8,0
145,9,2
146,0,0
146,1,0
146,2,0
146,3,0
146,4,1
146,5,0
146,6,1
146,7,0
146,8,0
146,9,0
147,0,0
147,1,0
147,2,0
147,3,0
147,4,0
147,5,0
147,6,1
147,7,1
147,8,0
147,9,1
148,0,1
148,1,0
148,2,0
148,3,0
148,4,1
148,5,0
148,6,0
148,7,0
148,8,0
148,9,0
149,0,0
149,1,0
149,2,0
149,3,0
149,4,0
149,5,0
149,6,1
149,7,1
149,8,0
149,9,0
150,0,0
150,1,2
150,2,1
150,3,0
150,4,0
150,5,1
150,6,0
150,7,0
150,8,1
150,9,0
151,0,0
151,1,1
151,2,0
151,3,0
151,4,0
151,5,1
151,6,0
151,7,0
151,8,0
151,9,2
152,0,1
152,1,2
152,2,0
152,3,0
152,4,1
152,5,1
152,6,0
152,7,0
152,8,0
152,9,1
153,0,1
153,1,0
153,2,0
153,3,1
153,4,1
153,5,0
153,6,0
153,7,1
153,8,0
153,9,0
154,0,0
154,1,0
154,2,0
154,3,0
154,4,0
154,5,0
154,6,0
154,7,0
154,8,0
154,9,0
155,0,0
155,1,0
155,2,0
155,3,0
155,4,1
155,5,0
155,6,1
155,7,0
155,8,1
155,9,0
156,0,0
156,1,1
156,2,0
156,3,0
156,4,0
156,5,0
156,6,0
156,7,1
156,8,0
156,9,0
157,0,0
157,1,1
157,2,0
157,3,0
157,4,1
157,5,1
157,6,0
157,7,2
157,8,1
157,9,0
158,0,0
158,1,1
158,2,0
158,3,0
158,4,0
158,5,0
158,6,0
158,7,0
158,8,0
158,9,0
159,0,0
159,1,0
159,2,0
159,3,1
159,4,0
159,5,0
159,6,0
159,7,0
159,8,1
159,9,0
160,0,1
160,1,0
160,2,0
160,3,0
160,4,3
160,5,0
160,6,1
160,7,0
160,8,0
160,9,3
161,0,1
161,1,0
161,2,1
161,3,0
161,4,1
161,5,0
161,6,0
161,7,1
161,8,0
161,9,0
162,0,0
162,1,2
162,2,0
162,3,0
162,4,0
162,5,0
162,6,0
162,7,0
162,8,0
162,9,0
163,0,1
163,1,0
163,2,0
163,3,1
163,4,1
163,5,1
163,6,0
163,7,0
163,8,0
163,9,0
164,0,1
164,1,1
164,2,0
164,3,0
164,4,2
164,5,0
164,6,0
164,7,1
164,8,0
164,9,0
165,0,0
165,1,0
165,2,1
165,3,0
165,4,0
165,5,0
165,6,2
165,7,0
165,8,0
165,9,0
166,0,0
166,1,0
166,2,0
166,3,0
166,4,1
166,5,0
166,6,0
166,7,1
166,8,2
166,9,0
167,0,1
167,1,0
167,2,0
167,3,0
167,4,0
167,5,1
167,6,0
167,7,0
167,8,2
167,9,0
168,0,0
168,1,0
168,2,0
168,3,0
168,4,0
168,5,1
168,6,0
168,7,1
168,8,0
168,9,0
169,0,0
169,1,0
169,2,1
169,3,0
169,4,1
169,5,0
169,6,0
169,7,0
169,8,1
169,9,0
170,0,0
170,1,0
170,2,0
170,3,0
170,4,0
170,5,1
170,6,0
170,7,0
170,8,1
170,9,0
171,0,1
171,1,0
171,2,0
171,3,0
171,4,0
171,5,0
171,6,0
171,7,3
171,8,0
171,9,1
172,0,0
172,1,1
172,2,0
172,3,0
172,4,0
172,5,1
172,6,1
172,7,0
172,8,0
172,9,1
173,0,0
173,1,1
173,2,0
173,3,0
173,4,0
173,5,0
173,6,0
173,7,1
173,8,0
173,9,0
174,0,1
174,1,0
174,2,0
174,3,0
174,4,0
174,5,0
174,6,1
174,7,0
174,8,1
174,9,0
175,0,1
175,1,2
175,2,0
175,3,0
175,4,1
175,5,0
175,6,1
175,7,0
175,8,0
175,9,0
176,0,1
176,1,1
176,2,0
176,3,0
176,4,2
176,5,0
176,6,1
176,7,0
176,8,0
176,9,0
177,0,1
177,1,0
177,2,0
177,3,0
177,4,0
177,5,1
177,6,0
177,7,0
177,8,1
177,9,0
178,0,0
178,1,0
178,2,1
178,3,1
178,4,1
178,5,0
178,6,0
178,7,1
178,8,0
178,9,0
179,0,0
179,1,0
179,2,0
179,3,0
179,4,0
179,5,1
179,6,0
179,7,0
179,8,1
179,9,0
180,0,1
180,1,0
180,2,0
180,3,0
180,4,1
180,5,0
180,6,2
180,7,0
180,8,0
180,9,0
181,0,0
181,1,0
181,2,0
181,3,0
181,4,1
181,5,0
181,6,0
181,7,1
181,8,0
181,9,0
182,0,1
182,1,0
182,2,0
182,3,0
182,4,3
182,5,0
182,6,0
182,7,1
182,8,1
182,9,0
183,0,1
183,1,0
183,2,2
183,3,1
183,4,1
183,5,0
183,6,0
183,7,0
183,8,1
183,9,0
184,0,0
184,1,0
184,2,0
184,3,1
184,4,0
184,5,0
184,6,1
184,7,0
184,8,0
184,9,0
185,0,1
185,1,0
185,2,0
185,3,0
185,4,1
185,5,1
185,6,0
185,7,0
185,8,3
185,9,0
186,0,1
186,1,1
186,2,0
186,3,0
186,4,0
186,5,1
186,6,2
186,7,1
186,8,0
186,9,1
187,0,0
187,1,0
187,2,0
187,3,0
187,4,0
187,5,0
187,6,0
187,7,1
187,8,0
187,9,0
188,0,0
188,1,0
188,2,0
188,3,0
188,4,0
188,5,0
188,6,1
188,7,0
188,8,0
188,9,1
189,0,0
189,1,0
189,2,0
189,3,0
189,4,1
189,5,0
189,6,1
189,7,0
189,8,1
189,9,0
190,0,0
190,1,0
190,2,1
190,3,1
190,4,1
190,5,0
190,6,0
190,7,1
190,8,0
190,9,0
191,0,1
191,1,0
191,2,2
191,3,2
191,4,0
191,5,0
191,6,1
191,7,0
191,8,0
191,9,0
192,0,0
192,1,0
192,2,0
192,3,0
192,4,0
192,5,0
192,6,0
192,7,1
192,8,1
192,9,0
193,0,0
193,1,0
193,2,0
193,3,1
193,4,1
193,5,0
193,6,0
193,7,0
193,8,0
193,9,0
194,0,0
194,1,0
194,2,0
194,3,0
194,4,0
194,5,0
194,6,0
194,7,0
194,8,0
194,9,0
195,0,2
195,1,1
195,2,0
195,3,1
195,4,0
195,5,1
195,6,0
195,7,0
195,8,2
195,9,0
196,0,1
196,1,0
196,2,0
196,3,1
196,4,0
196,5,0
196,6,2
196,7,0
196,8,2
196,9,1
197,0,0
197,1,0
197,2,1
197,3,0
197,4,1
197,5,0
197,6,0
197,7,1
197,8,1
197,9,0
198,0,1
198,1,0
198,2,0
198,3,1
198,4,0
198,5,0
198,6,2
198,7,0
198,8,0
198,9,0
199,0,0
199,1,0
199,2,1
199,3,0
199,4,1
199,5,0
199,6,0
199,7,1
199,8,0
199,9,1
200,0,0
200,1,0
200,2,0
200,3,0
200,4,0
200,5,0
200,6,0
200,7,0
200,8,0
200,9,0
201,0,0
201,1,0
201,2,0
201,3,1
201,4,0
201,5,0
201,6,0
201,7,1
201,8,0
201,9,0
202,0,0
202,1,0
202,2,0
202,3,0
202,4,0
202,5,1
202,6,0
202,7,0
202,8,1
202,9,0
203,0,1
203,1,0
203,2,0
203,3,0
203,4,0
203,5,0
203,6,0
203,7,1
203,8,0
203,9,0
204,0,0
204,1,1
204,2,0
204,3,0
204,4,0
204,5,0
204,6,1
204,7,1
204,8,0
204,9,0
205,0,0
205,1,0
205,2,1
205,3,1
205,4,0
205,5,1
205,6,0
205,7,1
205,8,0
205,9,0
206,0,0
206,1,0
206,2,1
206,3,0
206,4,0
206,5,0
206,6,0
206,7,0
206,8,1
206,9,0
207,0,1
207,1,2
207,2,1
207,3,3
207,4,1
207,5,1
207,6,0
207,7,0
207,8,2
207,9,0
208,0,0
208,1,1
208,2,1
208,3,0
208,4,0
208,5,2
208,6,0
208,7,0
208,8,2
208,9,0
209,0,1
209,1,1
209,2,0
209,3,1
209,4,1
209,5,0
209,6,1
209,7,1
209,8,0
209,9,0
210,0,1
210,1,0
210,2,0
210,3,1
210,4,0
210,5,0
210,6,1
210,7,0
210,8,1
210,9,1
211,0,1
211,1,0
211,2,0
211,3,1
211,4,0
211,5,0
211,6,0
211,7,0
211,8,1
211,9,0
212,0,0
212,1,0
212,2,0
212,3,1
212,4,1
212,5,1
212,6,2
212,7,1
212,8,1
212,9,2
213,0,1
213,1,1
213,2,0
213,3,0
213,4,0
213,5,0
213,6,2
213,7,2
213,8,0
213,9,0
214,0,1
214,1,2
214,2,1
214,3,1
214,4,0
214,5,1
214,6,1
214,7,0
214,8,0
214,9,0
215,0,0
215,1,0
215,2,1
215,3,1
215,4,0
215,5,2
215,6,0
215,7,0
215,8,0
215,9,2
216,0,2
216,1,2
216,2,0
216,3,0
216,4,1
216,5,0
216,6,1
216,7,0
216,8,0
216,9,1
217,0,1
217,1,0
217,2,0
217,3,0
217,4,0
217,5,3
217,6,1
217,7,0
217,8,0
217,9,0
218,0,0
218,1,0
218,2,2
218,3,2
218,4,0
218,5,0
218,6,0
218,7,1
218,8,0
218,9,0
219,0,1
219,1,0
219,2,0
219,3,1
219,4,0
219,5,0
219,6,0
219,7,0
219,8,0
219,9,1
220,0,0
220,1,0
220,2,0
220,3,1
220,4,0
220,5,1
220,6,2
220,7,1
220,8,0
220,9,0
221,0,1
221,1,0
221,2,1
221,3,1
221,4,0
221,5,0
221,6,0
221,7,3
221,8,0
221,9,0
222,0,2
222,1,0
222,2,1
222,3,0
222,4,1
222,5,1
222,6,1
222,7,0
222,8,0
222,9,1
223,0,0
223,1,0
223,2,0
223,3,1
223,4,1
223,5,1
223,6,0
223,7,1
223,8,0
223,9,1
224,0,0
224,1,1
224,2,0
224,3,0
224,4,1
224,5,2
224,6,0
224,7,1
224,8,0
224,9,1
225,0,1
225,1,1
225,2,1
225,3,0
225,4,0
225,5,1
225,6,1
225,7,0
225,8,1
225,9,0
226,0,0
226,1,1
226,2,0
226,3,1
226,4,1
226,5,2
226,6,0
226,7,0
226,8,1
226,9,1
227,0,0
227,1,1
227,2,1
227,3,0
227,4,0
227,5,1
227,6,1
227,7,2
227,8,1
227,9,1
228,0,0
228,1,0
228,2,0
228,3,0
228,4,0
228,5,0
228,6,1
228,7,1
228,8,0
228,9,0
229,0,0
229,1,1
229,2,0
229,3,2
229,4,0
229,5,0
229,6,0
229,7,0
229,8,0
229,9,1
230,0,1
230,1,1
230,2,0
230,3,1
230,4,1
230,5,1
230,6,0
230,7,0
230,8,0
230,9,1
231,0,0
231,1,0
231,2,0
231,3,0
231,4,0
231,5,0
231,6,1
231,7,1
231,8,1
231,9,1
232,0,0
232,1,0
232,2,2
232,3,1
232,4,0
232,5,0
232,6,0
232,7,1
232,8,0
232,9,0
233,0,1
233,1,0
233,2,2
233,3,0
233,4,0
233,5,0
233,6,0
233,7,0
233,8,0
233,9,1
234,0,1
234,1,0
234,2,1
234,3,0
234,4,0
234,5,0
234,6,1
234,7,1
234,8,1
234,9,1
235,0,0
235,1,0
235,2,0
235,3,0
235,4,1
235,5,1
235,6,1
235,7,0
235,8,0
235,9,1
236,0,1
236,1,0
236,2,0
236,3,2
236,4,0
236,5,0
236,6,0
236,7,0
236,8,1
236,9,0
237,0,0
237,1,2
237,2,1
237,3,0
237,4,1
237,5,0
237,6,1
237,7,0
237,8,0
237,9,3
238,0,0
238,1,1
238,2,0
238,3,1
238,4,0
238,5,1
238,6,1
238,7,0
238,8,0
238,9,0
239,0,1
239,1,0
239,2,0
239,3,1
239,4,0
239,5,0
239,6,0
239,7,0
239,8,1
239,9,0
240,0,0
240,1,1
240,2,1
240,3,0
240,4,1
240,5,1
240,6,0
240,7,2
240,8,0
240,9,0
241,0,0
241,1,1
241,2,0
241,3,2
241,4,3
241,5,0
241,6,2
241,7,1
241,8,2
241,9,0
242,0,0
242,1,1
242,2,0
242,3,2
242,4,0
242,5,0
242,6,1
242,7,0
242,8,0
242,9,0
243,0,0
243,1,1
243,2,2
243,3,1
243,4,1
243,5,2
243,6,0
243,7,0
243,8,1
243,9,0
244,0,0
244,1,2
244,2,0
244,3,1
244,4,0
244,5,1
244,6,0
244,7,0
244,8,0
244,9,0
245,0,1
245,1,2
245,2,0
245,3,0
245,4,1
245,5,0
245,6,1
245,7,0
245,8,0
245,9,1
246,0,2
246,1,1
246,2,1
246,3,0
246,4,1
246,5,1
246,6,1
246,7,0
246,8,0
246,9,0
247,0,0
247,1,1
247,2,1
247,3,0
247,4,0
247,5,0
247,6,0
247,7,0
247,8,0
247,9,2
248,0,0
248,1,0
248,2,0
248,3,0
248,4,1
248,5,0
248,6,1
248,7,0
248,8,1
248,9,1
249,0,1
249,1,1
249,2,0
249,3,0
249,4,0
249,5,0
249,6,1
249,7,1
249,8,0
249,9,1
250,0,0
250,1,0
250,2,0
250,3,0
250,4,0
250,5,1
250,6,0
250,7,0
250,8,2
250,9,2
251,0,0
251,1,1
251,2,1
251,3,0
251,4,0
251,5,0
251,6,0
251,7,2
251,8,0
251,9,0
252,0,0
252,1,1
252,2,1
252,3,1
252,4,1
252,5,0
252,6,0
252,7,2
252,8,0
252,9,0
253,0,1
253,1,1
253,2,2
253,3,0
253,4,0
253,5,2
253,6,0
253,7,0
253,8,0
253,9,0
254,0,0
254,1,0
254,2,2
254,3,1
254,4,0
254,5,0
254,6,0
254,7,0
254,8,0
254,9,1
255,0,1
255,1,0
255,2,0
255,3,1
255,4,2
255,5,1
255,6,0
255,7,0
255,8,0
255,9,0
256,0,1
256,1,1
256,2,0
256,3,0
256,4,0
256,5,0
256,6,0
256,7,1
256,8,0
256,9,1
257,0,1
257,1,0
257,2,0
257,3,0
257,4,1
257,5,1
257,6,2
257,7,1
257,8,1
257,9,0
258,0,0
258,1,3
258,2,2
258,3,0
258,4,0
258,5,0
258,6,1
258,7,0
258,8,0
258,9,2
259,0,2
259,1,0
259,2,1
259,3,0
259,4,0
259,5,0
259,6,0
259,7,1
259,8,0
259,9,1
260,0,1
260,1,2
260,2,0
260,3,0
260,4,0
260,5,1
260,6,0
260,7,0
260,8,0
260,9,1
261,0,0
261,1,0
261,2,1
261,3,0
261,4,1
261,5,1
261,6,0
261,7,0
261,8,0
261,9,0
262,0,0
262,1,1
262,2,0
262,3,0
262,4,1
262,5,2
262,6,1
262,7,0
262,8,1
262,9,1
263,0,0
263,1,0
263,2,1
263,3,0
263,4,1
263,5,1
263,6,1
263,7,1
263,8,0
263,9,1
264,0,0
264,1,0
264,2,0
264,3,1
264,4,0
264,5,0
264,6,1
264,7,1
264,8,1
264,9,1
265,0,1
265,1,1
265,2,2
265,3,3
265,4,1
265,5,0
265,6,0
265,7,0
265,8,0
265,9,1
266,0,1
266,1,0
266,2,1
266,3,0
266,4,2
266,5,2
266,6,1
266,7,1
266,8,0
266,9,1
267,0,0
267,1,1
267,2,1
267,3,3
267,4,0
267,5,2
267,6,1
267,7,0
267,8,2
267,9,0
268,0,2
268,1,1
268,2,0
268,3,1
268,4,0
268,5,0
268,6,1
268,7,1
268,8,0
268,9,1
269,0,0
269,1,0
269,2,2
269,3,0
269,4,1
269,5,1
269,6,0
269,7,0
269,8,0
269,9,0
270,0,1
270,1,2
270,2,1
270,3,0
270,4,1
270,5,1
270,6,0
270,7,0
270,8,0
270,9,0
271,0,1
271,1,1
271,2,0
271,3,1
271,4,1
271,5,0
271,6,0
271,7,0
271,8,0
271,9,1
272,0,0
272,1,0
272,2,1
272,3,0
272,4,0
272,5,1
272,6,0
272,7,0
272,8,3
272,9,0
273,0,1
273,1,1
273,2,2
273,3,2
273,4,0
273,5,1
273,6,0
273,7,0
273,8,0
273,9,1
274,0,2
274,1,1
274,2,1
274,3,1
274,4,1
274,5,0
274,6,1
274,7,0
274,8,1
274,9,0
275,0,1
275,1,1
275,2,0
275,3,0
275,4,0
275,5,1
275,6,0
275,7,0
275,8,0
275,9,1
276,0,0
276,1,1
276,2,0
276,3,1
276,4,0
276,5,1
276,6,1
276,7,1
276,8,0
276,9,0
277,0,0
277,1,0
277,2,0
277,3,0
277,4,1
277,5,0
277,6,0
277,7,0
277,8,1
277,9,0
278,0,0
278,1,1
278,2,1
278,3,0
278,4,1
278,5,1
278,6,0
278,7,0
278,8,0
278,9,0
279,0,0
279,1,0
279,2,1
279,3,0
279,4,2
279,5,2
279,6,2
279,7,0
279,8,2
279,9,0
280,0,0
280,1,1
280,2,0
280,3,0
280,4,0
280,5,3
280,6,0
280,7,1
280,8,1
280,9,0
281,0,0
281,1,0
281,2,2
281,3,0
281,4,0
281,5,0
281,6,0
281,7,1
281,8,0
281,9,0
282,0,0
282,1,0
282,2,1
282,3,1
282,4,0
282,5,0
282,6,2
282,7,0
282,8,1
282,9,2
283,0,0
283,1,0
283,2,1
283,3,3
283,4,1
283,5,2
283,6,0
283,7,1
283,8,0
283,9,1
284,0,1
284,1,1
284,2,1
284,3,1
284,4,0
284,5,1
284,6,0
284,7,1
284,8,1
284,9,0
285,0,0
285,1,0
285,2,0
285,3,1
285,4,0
285,5,1
285,6,0
285,7,0
285,8,2
285,9,0
286,0,0
286,1,1
286,2,2
286,3,0
286,4,0
286,5,1
286,6,1
286,7,2
286,8,0
286,9,1
287,0,1
287,1,1
287,2,0
287,3,2
287,4,2
287,5,0
287,6,4
287,7,1
287,8,1
287,9,0
288,0,2
288,1,1
288,2,1
288,3,1
288,4,2
288,5,1
288,6,2
288,7,1
288,8,1
288,9,1
289,0,2
289,1,1
289,2,1
289,3,0
289,4,1
289,5,0
289,6,0
289,7,2
289,8,1
289,9,2
290,0,0
290,1,0
290,2,1
290,3,0
290,4,2
290,5,1
290,6,0
290,7,0
290,8,0
290,9,0
291,0,0
291,1,1
291,2,0
291,3,0
291,4,1
291,5,0
291,6,0
291,7,0
291,8,0
291,9,0
292,0,0
292,1,0
292,2,2
292,3,0
292,4,0
292,5,1
292,6,1
292,7,0
292,8,1
292,9,1
293,0,0
293,1,1
293,2,2
293,3,0
293,4,2
293,5,0
293,6,1
293,7,2
293,8,0
293,9,2
294,0,0
294,1,0
294,2,2
294,3,1
294,4,0
294,5,1
294,6,1
294,7,2
294,8,1
294,9,0
295,0,1
295,1,1
295,2,0
295,3,2
295,4,0
295,5,1
295,6,0
295,7,0
295,8,1
295,9,0
296,0,1
296,1,0
296,2,0
296,3,2
296,4,1
296,5,0
296,6,0
296,7,0
296,8,1
296,9,0
297,0,1
297,1,1
297,2,2
297,3,1
297,4,1
297,5,1
297,6,0
297,7,0
297,8,2
297,9,0
298,0,1
298,1,0
298,2,0
298,3,0
298,4,1
298,5,0
298,6,2
298,7,0
298,8,0
298,9,1
299,0,2
299,1,2
299,2,2
299,3,1
299,4,0
299,5,0
299,6,1
299,7,0
299,8,0
299,9,0
300,0,1
300,1,1
300,2,0
300,3,0
300,4,0
300,5,0
300,6,1
300,7,1
300,8,0
300,9,0
301,0,0
301,1,0
301,2,0
301,3,0
301,4,1
301,5,0
301,6,1
301,7,0
301,8,1
301,9,1
302,0,0
302,1,1
302,2,0
302,3,0
302,4,0
302,5,2
302,6,1
302,7,1
302,8,1
302,9,0
303,0,1
303,1,2
303,2,0
303,3,1
303,4,1
303,5,0
303,6,0
303,7,1
303,8,1
303,9,1
304,0,1
304,1,1
304,2,0
304,3,1
304,4,1
304,5,1
304,6,1
304,7,0
304,8,0
304,9,0
305,0,0
305,1,1
305,2,1
305,3,0
305,4,0
305,5,1
305,6,0
305,7,1
305,8,1
305,9,1
306,0,1
306,1,2
306,2,2
306,3,0
306,4,0
306,5,1
306,6,1
306,7,1
306,8,1
306,9,1
307,0,2
307,1,1
307,2,2
307,3,0
307,4,0
307,5,2
307,6,1
307,7,0
307,8,1
307,9,2
308,0,0
308,1,2
308,2,0
308,3,2
308,4,1
308,5,0
308,6,0
308,7,1
308,8,1
308,9,0
309,0,2
309,1,2
309,2,2
309,3,1
309,4,1
309,5,1
309,6,1
309,7,0
309,8,1
309,9,1
310,0,0
310,1,0
310,2,1
310,3,1
310,4,2
310,5,1
310,6,0
310,7,1
310,8,1
310,9,0
311,0,0
311,1,1
311,2,0
311,3,0
311,4,1
311,5,2
311,6,3
311,7,0
311,8,0
311,9,0
312,0,1
312,1,2
312,2,1
312,3,1
312,4,1
312,5,1
312,6,2
312,7,2
312,8,1
312,9,1
313,0,0
313,1,2
313,2,1
313,3,1
313,4,0
313,5,0
313,6,1
313,7,0
313,8,0
313,9,1
314,0,2
314,1,2
314,2,1
314,3,0
314,4,0
314,5,1
314,6,0
314,7,1
314,8,0
314,9,1
315,0,1
315,1,0
315,2,0
315,3,1
315,4,1
315,5,0
315,6,0
315,7,1
315,8,1
315,9,1
316,0,1
316,1,1
316,2,1
316,3,0
316,4,0
316,5,1
316,6,1
316,7,1
316,8,2
316,9,0
317,0,0
317,1,1
317,2,2
317,3,0
317,4,0
317,5,1
317,6,3
317,7,1
317,8,1
317,9,1
318,0,1
318,1,1
318,2,1
318,3,1
318,4,1
318,5,0
318,6,0
318,7,1
318,8,0
318,9,1
319,0,1
319,1,3
319,2,0
319,3,0
319,4,1
319,5,1
319,6,1
319,7,0
319,8,0
319,9,1
320,0,2
320,1,2
320,2,0
320,3,0
320,4,0
320,5,1
320,6,0
320,7,2
320,8,2
320,9,1
321,0,1
321,1,1
321,2,1
321,3,1
321,4,0
321,5,1
321,6,1
321,7,0
321,8,0
321,9,0
322,0,1
322,1,0
322,2,0
322,3,1
322,4,1
322,5,1
322,6,1
322,7,2
322,8,1
322,9,1
323,0,2
323,1,2
323,2,1
323,3,1
323,4,1
323,5,1
323,6,3
323,7,2
323,8,1
323,9,1
324,0,1
324,1,2
324,2,2
324,3,2
324,4,0
324,5,1
324,6,4
324,7,0
324,8,2
324,9,2
325,0,1
325,1,2
325,2,2
325,3,1
325,4,1
325,5,1
325,6,1
325,7,2
325,8,0
325,9,3
326,0,1
326,1,1
326,2,1
326,3,1
326,4,0
326,5,0
326,6,1
326,7,0
326,8,0
326,9,1
327,0,2
327,1,1
327,2,1
327,3,1
327,4,2
327,5,1
327,6,3
327,7,1
327,8,2
327,9,0
328,0,2
328,1,1
328,2,0
328,3,2
328,4,2
328,5,0
328,6,1
328,7,3
328,8,1
328,9,1
329,0,0
329,1,2
329,2,2
329,3,0
329,4,0
329,5,0
329,6,1
329,7,2
329,8,0
329,9,1
330,0,2
330,1,2
330,2,1
330,3,0
330,4,1
330,5,1
330,6,2
330,7,1
330,8,1
330,9,1
331,0,0
331,1,2
331,2,0
331,3,1
331,4,1
331,5,1
331,6,0
331,7,2
331,8,1
331,9,2
332,0,0
332,1,2
332,2,1
332,3,1
332,4,2
332,5,1
332,6,1
332,7,3
332,8,0
332,9,1
333,0,1
333,1,1
333,2,1
333,3,1
333,4,1
333,5,0
333,6,0
333,7,1
333,8,1
333,9,1
334,0,0
334,1,0
334,2,1
334,3,0
334,4,1
334,5,0
334,6,0
334,7,1
334,8,0
334,9,4
335,0,1
335,1,1
335,2,1
335,3,1
335,4,0
335,5,0
335,6,1
335,7,1
335,8,1
335,9,0
336,0,1
336,1,3
336,2,0
336,3,1
336,4,2
336,5,1
336,6,2
336,7,2
336,8,1
336,9,1
337,0,0
337,1,0
337,2,2
337,3,0
337,4,1
337,5,0
337,6,1
337,7,0
337,8,2
337,9,0
338,0,0
338,1,1
338,2,1
338,3,1
338,4,0
338,5,0
338,6,0
338,7,0
338,8,1
338,9,0
339,0,1
339,1,0
339,2,1
339,3,0
339,4,1
339,5,0
339,6,1
339,7,2
339,8,0
339,9,2
340,0,1
340,1,1
340,2,1
340,3,0
340,4,1
340,5,1
340,6,2
340,7,1
340,8,0
340,9,2
341,0,1
341,1,0
341,2,0
341,3,1
341,4,0
341,5,1
341,6,1
341,7,1
341,8,0
341,9,0
342,0,0
342,1,2
342,2,0
342,3,0
342,4,3
342,5,2
342,6,0
342,7,0
342,8,0
342,9,3
343,0,1
343,1,3
343,2,1
343,3,2
343,4,2
343,5,2
343,6,0
343,7,1
343,8,0
343,9,2
344,0,1
344,1,1
344,2,1
344,3,2
344,4,0
344,5,1
344,6,1
344,7,1
344,8,0
344,9,1
345,0,2
345,1,1
345,2,1
345,3,0
345,4,0
345,5,0
345,6,0
345,7,1
345,8,1
345,9,1
346,0,1
346,1,2
346,2,0
346,3,0
346,4,2
346,5,0
346,6,2
346,7,1
346,8,1
346,9,1
347,0,0
347,1,1
347,2,1
347,3,0
347,4,0
347,5,1
347,6,1
347,7,1
347,8,2
347,9,1
348,0,3
348,1,0
348,2,0
348,3,1
348,4,1
348,5,1
348,6,2
348,7,1
348,8,1
348,9,2
349,0,1
349,1,1
349,2,1
349,3,1
349,4,1
349,5,0
349,6,2
349,7,1
349,8,2
349,9,1
350,0,1
350,1,0
350,2,0
350,3,3
350,4,0
350,5,1
350,6,1
350,7,1
350,8,1
350,9,0
351,0,1
351,1,0
351,2,1
351,3,0
351,4,1
351,5,3
351,6,0
351,7,1
351,8,1
351,9,0
352,0,1
352,1,0
352,2,1
352,3,1
352,4,0
352,5,2
352,6,1
352,7,1
352,8,0
352,9,1
353,0,1
353,1,1
353,2,1
353,3,2
353,4,2
353,5,1
353,6,1
353,7,1
353,8,0
353,9,1
354,0,2
354,1,0
354,2,1
354,3,1
354,4,2
354,5,0
354,6,1
354,7,1
354,8,1
354,9,1
355,0,4
355,1,0
355,2,1
355,3,1
355,4,2
355,5,0
355,6,1
355,7,3
355,8,0
355,9,1
356,0,1
356,1,1
356,2,1
356,3,1
356,4,1
356,5,0
356,6,2
356,7,1
356,8,0
356,9,2
357,0,3
357,1,1
357,2,1
357,3,1
357,4,1
357,5,1
357,6,0
357,7,1
357,8,2
357,9,2
358,0,1
358,1,2
358,2,3
358,3,2
358,4,2
358,5,1
358,6,0
358,7,4
358,8,2
358,9,0
359,0,0
359,1,1
359,2,0
359,3,1
359,4,1
359,5,2
359,6,1
359,7,2
359,8,2
359,9,1
360,0,1
360,1,1
360,2,1
360,3,1
360,4,1
360,5,1
360,6,0
360,7,1
360,8,0
360,9,0
361,0,0
361,1,2
361,2,0
361,3,1
361,4,0
361,5,1
361,6,0
361,7,1
361,8,0
361,9,1
362,0,1
362,1,2
362,2,3
362,3,1
362,4,1
362,5,1
362,6,0
362,7,0
362,8,1
362,9,2
363,0,0
363,1,0
363,2,0
363,3,2
363,4,0
363,5,0
363,6,0
363,7,1
363,8,0
363,9,0
364,0,1
364,1,1
364,2,2
364,3,0
364,4,0
364,5,0
364,6,1
364,7,0
364,8,0
364,9,2
365,0,0
365,1,1
365,2,1
365,3,1
365,4,1
365,5,0
365,6,2
365,7,2
365,8,1
365,9,1
366,0,1
366,1,2
366,2,0
366,3,1
366,4,2
366,5,0
366,6,0
366,7,0
366,8,2
366,9,1
367,0,2
367,1,3
367,2,2
367,3,0
367,4,2
367,5,0
367,6,1
367,7,1
367,8,2
367,9,1
368,0,1
368,1,0
368,2,1
368,3,2
368,4,2
368,5,1
368,6,3
368,7,2
368,8,2
368,9,0
369,0,2
369,1,1
369,2,1
369,3,1
369,4,2
369,5,0
369,6,1
369,7,3
369,8,2
369,9,1
370,0,0
370,1,0
370,2,2
370,3,2
370,4,1
370,5,2
370,6,1
370,7,0
370,8,3
370,9,0
371,0,1
371,1,2
371,2,1
371,3,2
371,4,3
371,5,0
371,6,1
371,7,1
371,8,0
371,9,1
372,0,0
372,1,1
372,2,1
372,3,0
372,4,2
372,5,0
372,6,1
372,7,0
372,8,0
372,9,1
373,0,3
373,1,1
373,2,1
373,3,1
373,4,0
373,5,1
373,6,2
373,7,2
373,8,0
373,9,2
374,0,2
374,1,2
374,2,1
374,3,0
374,4,1
374,5,0
374,6,0
374,7,1
374,8,0
374,9,1
375,0,1
375,1,2
375,2,0
375,3,0
375,4,2
375,5,1
375,6,1
375,7,0
375,8,0
375,9,0
376,0,1
376,1,1
376,2,1
376,3,1
376,4,1
376,5,0
376,6,0
376,7,0
376,8,1
376,9,1
377,0,1
377,1,2
377,2,1
377,3,2
377,4,1
377,5,3
377,6,0
377,7,0
377,8,3
377,9,2
378,0,0
378,1,1
378,2,1
378,3,1
378,4,1
378,5,1
378,6,2
378,7,2
378,8,1
378,9,1
379,0,2
379,1,1
379,2,3
379,3,1
379,4,1
379,5,1
379,6,0
379,7,0
379,8,0
379,9,1
380,0,1
380,1,1
380,2,1
380,3,0
380,4,1
380,5,0
380,6,0
380,7,1
380,8,0
380,9,0
381,0,0
381,1,3
381,2,0
381,3,1
381,4,0
381,5,1
381,6,0
381,7,0
381,8,1
381,9,0
382,0,1
382,1,0
382,2,1
382,3,2
382,4,2
382,5,1
382,6,1
382,7,0
382,8,0
382,9,0
383,0,1
383,1,0
383,2,2
383,3,0
383,4,0
383,5,2
383,6,1
383,7,1
383,8,0
383,9,1
384,0,2
384,1,0
384,2,1
384,3,1
384,4,0
384,5,0
384,6,1
384,7,0
384,8,0
384,9,0
385,0,1
385,1,1
385,2,1
385,3,1
385,4,0
385,5,1
385,6,0
385,7,0
385,8,1
385,9,0
386,0,1
386,1,1
386,2,1
386,3,1
386,4,0
386,5,0
386,6,3
386,7,0
386,8,0
386,9,4
387,0,1
387,1,0
387,2,1
387,3,1
387,4,1
387,5,2
387,6,2
387,7,1
387,8,2
387,9,0
388,0,1
388,1,0
388,2,1
388,3,1
388,4,0
388,5,2
388,6,1
388,7,0
388,8,1
388,9,1
389,0,0
389,1,1
389,2,0
389,3,0
389,4,1
389,5,0
389,6,0
389,7,0
389,8,2
389,9,1
390,0,0
390,1,1
390,2,2
390,3,0
390,4,1
390,5,1
390,6,1
390,7,0
390,8,0
390,9,1
391,0,0
391,1,1
391,2,0
391,3,0
391,4,0
391,5,1
391,6,1
391,7,0
391,8,0
391,9,1
392,0,1
392,1,3
392,2,2
392,3,3
392,4,0
392,5,0
392,6,0
392,7,1
392,8,0
392,9,0
393,0,0
393,1,1
393,2,0
393,3,1
393,4,0
393,5,3
393,6,1
393,7,0
393,8,0
393,9,2
394,0,1
394,1,0
394,2,0
394,3,0
394,4,1
394,5,2
394,6,1
394,7,2
394,8,1
394,9,0
395,0,0
395,1,2
395,2,1
395,3,0
395,4,2
395,5,1
395,6,2
395,7,2
395,8,1
395,9,1
396,0,0
396,1,0
396,2,0
396,3,0
396,4,1
396,5,0
396,6,0
396,7,0
396,8,1
396,9,0
397,0,1
397,1,1
397,2,1
397,3,1
397,4,0
397,5,1
397,6,1
397,7,1
397,8,0
397,9,1
398,0,1
398,1,1
398,2,2
398,3,0
398,4,1
398,5,0
398,6,4
398,7,1
398,8,2
398,9,1
399,0,1
399,1,0
399,2,1
399,3,0
399,4,1
399,5,0
399,6,0
399,7,1
399,8,1
399,9,1
400,0,0
400,1,4
400,2,1
400,3,2
400,4,0
400,5,1
400,6,3
400,7,0
400,8,2
400,9,0
401,0,1
401,1,0
401,2,1
401,3,1
401,4,0
401,5,1
401,6,0
401,7,1
401,8,1
401,9,0
402,0,2
402,1,1
402,2,0
402,3,1
402,4,1
402,5,1
402,6,2
402,7,1
402,8,2
402,9,0
403,0,0
403,1,0
403,2,1
403,3,3
403,4,0
403,5,0
403,6,0
403,7,1
403,8,0
403,9,1
404,0,1
404,1,0
404,2,1
404,3,1
404,4,1
404,5,2
404,6,1
404,7,1
404,8,1
404,9,1
405,0,1
405,1,1
405,2,2
405,3,0
405,4,0
405,5,1
405,6,1
405,7,1
405,8,0
405,9,0
406,0,1
406,1,0
406,2,1
406,3,0
406,4,0
406,5,1
406,6,1
406,7,3
406,8,2
406,9,1
407,0,1
407,1,3
407,2,0
407,3,2
407,4,2
407,5,2
407,6,0
407,7,0
407,8,1
407,9,2
408,0,1
408,1,3
408,2,1
408,3,1
408,4,3
408,5,0
408,6,1
408,7,2
408,8,0
408,9,1
409,0,1
409,1,1
409,2,0
409,3,1
409,4,1
409,5,1
409,6,2
409,7,0
409,8,0
409,9,0
410,0,1
410,1,2
410,2,2
410,3,2
410,4,1
410,5,3
410,6,2
410,7,1
410,8,1
410,9,2
411,0,0
411,1,0
411,2,1
411,3,2
411,4,3
411,5,1
411,6,0
411,7,1
411,8,0
411,9,1
412,0,3
412,1,1
412,2,2
412,3,1
412,4,2
412,5,0
412,6,0
412,7,1
412,8,2
412,9,0
413,0,0
413,1,2
413,2,0
413,3,0
413,4,0
413,5,1
413,6,0
413,7,1
413,8,0
413,9,0
414,0,2
414,1,2
414,2,0
414,3,1
414,4,1
414,5,1
414,6,2
414,7,0
414,8,0
414,9,1
415,0,0
415,1,0
415,2,0
415,3,0
415,4,2
415,5,0
415,6,1
415,7,2
415,8,0
415,9,0
416,0,0
416,1,0
416,2,2
416,3,2
416,4,0
416,5,2
416,6,1
416,7,2
416,8,0
416,9,0
417,0,2
417,1,0
417,2,0
417,3,1
417,4,0
417,5,1
417,6,2
417,7,0
417,8,1
417,9,1
418,0,1
418,1,2
418,2,1
418,3,1
418,4,2
418,5,1
418,6,1
418,7,0
418,8,1
418,9,0
419,0,0
419,1,1
419,2,0
419,3,0
419,4,1
419,5,1
419,6,1
419,7,2
419,8,3
419,9,1
420,0,0
420,1,2
420,2,2
420,3,2
420,4,1
420,5,1
420,6,3
420,7,0
420,8,0
420,9,2
421,0,0
421,1,2
421,2,2
421,3,0
421,4,1
421,5,0
421,6,1
421,7,0
421,8,2
421,9,2
422,0,1
422,1,0
422,2,1
422,3,0
422,4,0
422,5,1
422,6,0
422,7,0
422,8,0
422,9,0
423,0,0
423,1,0
423,2,1
423,3,1
423,4,1
423,5,1
423,6,2
423,7,2
423,8,1
423,9,2
424,0,0
424,1,1
424,2,0
424,3,1
424,4,0
424,5,1
424,6,0
424,7,0
424,8,1
424,9,1
425,0,1
425,1,0
425,2,1
425,3,0
425,4,0
425,5,0
425,6,2
425,7,0
425,8,0
425,9,0
426,0,0
426,1,0
426,2,2
426,3,1
426,4,1
426,5,0
426,6,2
426,7,1
426,8,2
426,9,1
427,0,1
427,1,1
427,2,2
427,3,1
427,4,0
427,5,1
427,6,1
427,7,0
427,8,1
427,9,3
428,0,2
428,1,0
428,2,1
428,3,1
428,4,2
428,5,1
428,6,1
428,7,2
428,8,0
428,9,2
429,0,2
429,1,2
429,2,0
429,3,0
429,4,2
429,5,0
429,6,2
429,7,0
429,8,1
429,9,0
430,0,1
430,1,2
430,2,2
430,3,1
430,4,0
430,5,1
430,6,0
430,7,1
430,8,2
430,9,1
431,0,0
431,1,2
431,2,1
431,3,0
431,4,0
431,5,2
431,6,1
431,7,0
431,8,1
431,9,1
432,0,2
432,1,1
432,2,1
432,3,1
432,4,3
432,5,2
432,6,0
432,7,1
432,8,1
432,9,1
433,0,0
433,1,1
433,2,1
433,3,2
433,4,1
433,5,0
433,6,0
433,7,1
433,8,0
433,9,2
434,0,2
434,1,1
434,2,1
434,3,1
434,4,1
434,5,1
434,6,1
434,7,1
434,8,1
434,9,0
435,0,1
435,1,1
435,2,0
435,3,2
435,4,1
435,5,0
435,6,0
435,7,0
435,8,0
435,9,1
436,0,1
436,1,0
436,2,0
436,3,0
436,4,1
436,5,2
436,6,2
436,7,0
436,8,1
436,9,1
437,0,0
437,1,0
437,2,0
437,3,1
437,4,1
437,5,0
437,6,0
437,7,0
437,8,1
437,9,0
438,0,0
438,1,0
438,2,2
438,3,0
438,4,1
438,5,0
438,6,1
438,7,1
438,8,2
438,9,1
439,0,0
439,1,1
439,2,2
439,3,1
439,4,0
439,5,0
439,6,1
439,7,0
439,8,2
439,9,0
440,0,0
440,1,2
440,2,0
440,3,0
440,4,1
440,5,1
440,6,1
440,7,0
440,8,0
440,9,0
441,0,0
441,1,2
441,2,1
441,3,1
441,4,1
441,5,1
441,6,2
441,7,2
441,8,0
441,9,0
442,0,3
442,1,0
442,2,0
442,3,0
442,4,0
442,5,0
442,6,1
442,7,0
442,8,1
442,9,1
443,0,4
443,1,0
443,2,4
443,3,1
443,4,1
443,5,1
443,6,0
443,7,1
443,8,3
443,9,1
444,0,1
444,1,0
444,2,1
444,3,1
444,4,1
444,5,1
444,6,2
444,7,1
444,8,2
444,9,0
445,0,0
445,1,0
445,2,0
445,3,1
445,4,0
445,5,0
445,6,2
445,7,0
445,8,0
445,9,1
446,0,0
446,1,1
446,2,1
446,3,1
446,4,2
446,5,3
446,6,2
446,7,0
446,8,1
446,9,3
447,0,0
447,1,1
447,2,2
447,3,1
447,4,1
447,5,1
447,6,0
447,7,1
447,8,4
447,9,2
448,0,2
448,1,1
448,2,0
448,3,0
448,4,1
448,5,0
448,6,1
448,7,1
448,8,0
448,9,1
449,0,0
449,1,0
449,2,2
449,3,1
449,4,1
449,5,0
449,6,1
449,7,0
449,8,1
449,9,1
450,0,1
450,1,1
450,2,1
450,3,0
450,4,1
450,5,1
450,6,0
450,7,0
450,8,0
450,9,2
451,0,0
451,1,0
451,2,2
451,3,0
451,4,0
451,5,1
451,6,1
451,7,1
451,8,0
451,9,0
452,0,0
452,1,2
452,2,1
452,3,0
452,4,0
452,5,0
452,6,0
452,7,0
452,8,1
452,9,2
453,0,1
453,1,1
453,2,0
453,3,2
453,4,0
453,5,2
453,6,2
453,7,0
453,8,1
453,9,0
454,0,1
454,1,1
454,2,0
454,3,2
454,4,3
454,5,1
454,6,1
454,7,1
454,8,2
454,9,0
455,0,1
455,1,0
455,2,1
455,3,1
455,4,0
455,5,2
455,6,1
455,7,0
455,8,0
455,9,0
456,0,1
456,1,2
456,2,3
456,3,0
456,4,2
456,5,1
456,6,0
456,7,0
456,8,0
456,9,0
457,0,2
457,1,0
457,2,0
457,3,0
457,4,1
457,5,0
457,6,2
457,7,0
457,8,0
457,9,1
458,0,1
458,1,2
458,2,2
458,3,0
458,4,1
458,5,0
458,6,0
458,7,0
458,8,2
458,9,3
459,0,0
459,1,2
459,2,3
459,3,0
459,4,1
459,5,2
459,6,2
459,7,0
459,8,1
459,9,2
460,0,1
460,1,3
460,2,2
460,3,2
460,4,1
460,5,0
460,6,0
460,7,0
460,8,1
460,9,1
461,0,0
461,1,0
461,2,2
461,3,1
461,4,0
461,5,1
461,6,3
461,7,0
461,8,0
461,9,0
462,0,0
462,1,0
462,2,0
462,3,1
462,4,1
462,5,3
462,6,0
462,7,1
462,8,0
462,9,0
463,0,2
463,1,2
463,2,2
463,3,0
463,4,2
463,5,1
463,6,2
463,7,2
463,8,1
463,9,1
464,0,2
464,1,2
464,2,0
464,3,0
464,4,0
464,5,0
464,6,1
464,7,2
464,8,2
464,9,1
465,0,2
465,1,1
465,2,0
465,3,2
465,4,0
465,5,3
465,6,0
465,7,1
465,8,1
465,9,0
466,0,2
466,1,1
466,2,0
466,3,1
466,4,0
466,5,1
466,6,1
466,7,2
466,8,3
466,9,2
467,0,3
467,1,1
467,2,1
467,3,1
467,4,1
467,5,2
467,6,1
467,7,2
467,8,1
467,9,1
468,0,0
468,1,2
468,2,1
468,3,0
468,4,1
468,5,0
468,6,3
468,7,1
468,8,3
468,9,1
469,0,0
469,1,2
469,2,2
469,3,1
469,4,1
469,5,1
469,6,2
469,7,3
469,8,1
469,9,2
470,0,0
470,1,2
470,2,1
470,3,2
470,4,1
470,5,1
470,6,0
470,7,0
470,8,1
470,9,0
471,0,1
471,1,1
471,2,1
471,3,0
471,4,0
471,5,0
471,6,0
471,7,0
471,8,1
471,9,2
472,0,0
472,1,1
472,2,2
472,3,2
472,4,1
472,5,2
472,6,3
472,7,0
472,8,1
472,9,0
473,0,1
473,1,2
473,2,2
473,3,1
473,4,2
473,5,2
473,6,2
473,7,2
473,8,2
473,9,1
474,0,3
474,1,1
474,2,1
474,3,1
474,4,1
474,5,2
474,6,1
474,7,1
474,8,2
474,9,2
475,0,2
475,1,0
475,2,2
475,3,1
475,4,2
475,5,1
475,6,2
475,7,0
475,8,0
475,9,2
476,0,0
476,1,2
476,2,2
476,3,0
476,4,0
476,5,1
476,6,2
476,7,2
476,8,2
476,9,0
477,0,1
477,1,2
477,2,2
477,3,0
477,4,1
477,5,2
477,6,2
477,7,2
477,8,0
477,9,1
478,0,2
478,1,1
478,2,2
478,3,1
478,4,1
478,5,2
478,6,1
478,7,2
478,8,1
478,9,3
479,0,2
479,1,1
479,2,2
479,3,3
479,4,1
479,5,3
479,6,1
479,7,3
479,8,2
479,9,3
480,0,1
480,1,3
480,2,1
480,3,2
480,4,0
480,5,2
480,6,0
480,7,0
480,8,2
480,9,1
481,0,1
481,1,0
481,2,2
481,3,0
481,4,2
481,5,2
481,6,1
481,7,1
481,8,2
481,9,1
482,0,1
482,1,1
482,2,1
482,3,2
482,4,0
482,5,3
482,6,1
482,7,1
482,8,0
482,9,2
483,0,1
483,1,3
483,2,2
483,3,2
483,4,1
483,5,2
483,6,2
483,7,1
483,8,1
483,9,0
484,0,1
484,1,3
484,2,1
484,3,3
484,4,1
484,5,2
484,6,2
484,7,2
484,8,2
484,9,0
485,0,2
485,1,0
485,2,0
485,3,1
485,4,0
485,5,1
485,6,0
485,7,1
485,8,0
485,9,0
486,0,2
486,1,2
486,2,3
486,3,2
486,4,0
486,5,1
486,6,2
486,7,0
486,8,2
486,9,2
487,0,1
487,1,2
487,2,1
487,3,3
487,4,1
487,5,1
487,6,0
487,7,1
487,8,3
487,9,3
488,0,2
488,1,3
488,2,2
488,3,1
488,4,3
488,5,2
488,6,1
488,7,2
488,8,3
488,9,2
489,0,1
489,1,1
489,2,1
489,3,3
489,4,3
489,5,1
489,6,1
489,7,2
489,8,2
489,9,2
490,0,0
490,1,1
490,2,1
490,3,1
490,4,2
490,5,1
490,6,1
490,7,1
490,8,2
490,9,2
491,0,1
491,1,1
491,2,4
491,3,2
491,4,2
491,5,1
491,6,0
491,7,2
491,8,0
491,9,2
492,0,0
492,1,1
492,2,0
492,3,1
492,4,1
492,5,2
492,6,2
492,7,2
492,8,2
492,9,2
493,0,1
493,1,1
493,2,2
493,3,1
493,4,0
493,5,1
493,6,2
493,7,2
493,8,2
493,9,1
494,0,2
494,1,2
494,2,1
494,3,1
494,4,1
494,5,2
494,6,3
494,7,2
494,8,2
494,9,3
495,0,0
495,1,0
495,2,3
495,3,1
495,4,1
495,5,3
495,6,0
495,7,2
495,8,2
495,9,1
496,0,3
496,1,3
496,2,1
496,3,2
496,4,2
496,5,2
496,6,1
496,7,1
496,8,0
496,9,1
497,0,1
497,1,2
497,2,2
497,3,0
497,4,2
497,5,4
497,6,0
497,7,2
497,8,1
497,9,0
498,0,1
498,1,0
498,2,3
498,3,2
498,4,0
498,5,2
498,6,1
498,7,2
498,8,2
498,9,1
499,0,2
499,1,3
499,2,2
499,3,2
499,4,0
499,5,2
499,6,0
499,7,0
499,8,2
499,9,0
500,0,0
500,1,1
500,2,2
500,3,3
500,4,1
500,5,0
500,6,2
500,7,0
500,8,1
500,9,2
501,0,0
501,1,2
501,2,3
501,3,1
501,4,2
501,5,1
501,6,1
501,7,2
501,8,1
501,9,0
502,0,3
502,1,1
502,2,1
502,3,0
502,4,3
502,5,2
502,6,1
502,7,0
502,8,2
502,9,2
503,0,0
503,1,1
503,2,1
503,3,0
503,4,2
503,5,0
503,6,2
503,7,3
503,8,3
503,9,3
504,0,2
504,1,1
504,2,2
504,3,4
504,4,2
504,5,2
504,6,3
504,7,2
504,8,0
504,9,2
505,0,0
505,1,2
505,2,2
505,3,1
505,4,3
505,5,1
505,6,2
505,7,2
505,8,2
505,9,1
506,0,2
506,1,1
506,2,2
506,3,1
506,4,0
506,5,0
506,6,1
506,7,2
506,8,2
506,9,2
507,0,1
507,1,1
507,2,1
507,3,2
507,4,2
507,5,2
507,6,2
507,7,2
507,8,2
507,9,2
508,0,1
508,1,0
508,2,1
508,3,2
508,4,1
508,5,2
508,6,0
508,7,2
508,8,2
508,9,1
509,0,2
509,1,0
509,2,2
509,3,1
509,4,0
509,5,1
509,6,0
509,7,3
509,8,1
509,9,1
510,0,3
510,1,2
510,2,1
510,3,3
510,4,0
510,5,1
510,6,0
510,7,0
510,8,2
510,9,0
511,0,2
511,1,1
511,2,1
511,3,0
511,4,2
511,5,0
511,6,2
511,7,1
511,8,2
511,9,1
512,0,2
512,1,2
512,2,2
512,3,2
512,4,3
512,5,2
512,6,1
512,7,0
512,8,2
512,9,1
513,0,2
513,1,0
513,2,1
513,3,2
513,4,0
513,5,2
513,6,2
513,7,1
513,8,1
513,9,2
514,0,2
514,1,0
514,2,1
514,3,1
514,4,1
514,5,3
514,6,1
514,7,1
514,8,0
514,9,2
515,0,0
515,1,4
515,2,2
515,3,1
515,4,1
515,5,2
515,6,1
515,7,2
515,8,2
515,9,1
516,0,4
516,1,1
516,2,1
516,3,1
516,4,0
516,5,2
516,6,0
516,7,1
516,8,3
516,9,2
517,0,0
517,1,1
517,2,2
517,3,2
517,4,0
517,5,3
517,6,1
517,7,1
517,8,1
517,9,2
518,0,0
518,1,2
518,2,1
518,3,2
518,4,2
518,5,0
518,6,2
518,7,2
518,8,1
518,9,1
519,0,0
519,1,1
519,2,2
519,3,2
519,4,0
519,5,0
519,6,0
519,7,2
519,8,2
519,9,1
520,0,1
520,1,0
520,2,3
520,3,2
520,4,1
520,5,3
520,6,1
520,7,1
520,8,2
520,9,0
521,0,1
521,1,3
521,2,1
521,3,2
521,4,1
521,5,4
521,6,2
521,7,1
521,8,1
521,9,1
522,0,1
522,1,2
522,2,0
522,3,1
522,4,0
522,5,1
522,6,0
522,7,2
522,8,1
522,9,1
523,0,1
523,1,1
523,2,1
523,3,2
523,4,3
523,5,1
523,6,1
523,7,2
523,8,2
523,9,1
524,0,1
524,1,0
524,2,0
524,3,2
524,4,1
524,5,1
524,6,1
524,7,0
524,8,0
524,9,1
525,0,3
525,1,1
525,2,2
525,3,0
525,4,1
525,5,3
525,6,0
525,7,0
525,8,0
525,9,1
526,0,0
526,1,2
526,2,0
526,3,0
526,4,1
526,5,1
526,6,1
526,7,1
526,8,1
526,9,2
527,0,0
527,1,2
527,2,0
527,3,1
527,4,1
527,5,0
527,6,1
527,7,4
527,8,1
527,9,0
528,0,0
528,1,2
528,2,1
528,3,0
528,4,1
528,5,1
528,6,1
528,7,2
528,8,0
528,9,1
529,0,2
529,1,2
529,2,2
529,3,0
529,4,3
529,5,0
529,6,0
529,7,1
529,8,1
529,9,2
530,0,1
530,1,1
530,2,0
530,3,0
530,4,0
530,5,2
530,6,1
530,7,3
530,8,1
530,9,1
531,0,0
531,1,1
531,2,3
531,3,3
531,4,2
531,5,3
531,6,2
531,7,0
531,8,0
531,9,0
532,0,1
532,1,0
532,2,2
532,3,0
532,4,2
532,5,2
532,6,1
532,7,1
532,8,0
532,9,1
533,0,1
533,1,4
533,2,1
533,3,1
533,4,0
533,5,2
533,6,3
533,7,0
533,8,2
533,9,2
534,0,2
534,1,2
534,2,1
534,3,0
534,4,0
534,5,3
534,6,3
534,7,3
534,8,0
534,9,2
535,0,3
535,1,3
535,2,1
535,3,0
535,4,2
535,5,2
535,6,2
535,7,0
535,8,1
535,9,1
536,0,0
536,1,1
536,2,0
536,3,3
536,4,1
536,5,1
536,6,1
536,7,1
536,8,0
536,9,0
537,0,2
537,1,0
537,2,0
537,3,4
537,4,2
537,5,2
537,6,1
537,7,1
537,8,2
537,9,0
538,0,4
538,1,0
538,2,3
538,3,2
538,4,1
538,5,1
538,6,1
538,7,2
538,8,1
538,9,1
539,0,0
539,1,1
539,2,2
539,3,0
539,4,0
539,5,0
539,6,1
539,7,2
539,8,2
539,9,5
540,0,3
540,1,0
540,2,1
540,3,1
540,4,0
540,5,0
540,6,1
540,7,1
540,8,2
540,9,2
541,0,1
541,1,1
541,2,2
541,3,0
541,4,2
541,5,2
541,6,0
541,7,0
541,8,2
541,9,0
542,0,1
542,1,1
542,2,3
542,3,0
542,4,0
542,5,1
542,6,0
542,7,1
542,8,0
542,9,1
543,0,2
543,1,2
543,2,1
543,3,1
543,4,0
543,5,1
543,6,1
543,7,0
543,8,0
543,9,2
544,0,2
544,1,3
544,2,3
544,3,0
544,4,1
544,5,1
544,6,2
544,7,4
544,8,2
544,9,0
545,0,0
545,1,3
545,2,2
545,3,2
545,4,0
545,5,1
545,6,0
545,7,1
545,8,2
545,9,0
546,0,0
546,1,1
546,2,2
546,3,1
546,4,0
546,5,0
546,6,1
546,7,1
546,8,2
546,9,1
547,0,2
547,1,2
547,2,0
547,3,0
547,4,2
547,5,0
547,6,2
547,7,0
547,8,4
547,9,1
548,0,2
548,1,1
548,2,1
548,3,1
548,4,3
548,5,0
548,6,1
548,7,1
548,8,1
548,9,0
549,0,1
549,1,2
549,2,2
549,3,2
549,4,2
549,5,1
549,6,2
549,7,1
549,8,1
549,9,2
550,0,2
550,1,2
550,2,1
550,3,1
550,4,2
550,5,1
550,6,2
550,7,1
550,8,3
550,9,2
551,0,3
551,1,1
551,2,3
551,3,0
551,4,0
551,5,1
551,6,2
551,7,1
551,8,1
551,9,2
552,0,2
552,1,1
552,2,2
552,3,1
552,4,2
552,5,1
552,6,1
552,7,1
552,8,1
552,9,1
553,0,2
553,1,2
553,2,2
553,3,2
553,4,2
553,5,2
553,6,1
553,7,2
553,8,1
553,9,2
554,0,0
554,1,0
554,2,1
554,3,2
554,4,2
554,5,2
554,6,0
554,7,3
554,8,1
554,9,1
555,0,2
555,1,1
555,2,0
555,3,1
555,4,2
555,5,1
555,6,2
555,7,0
555,8,2
555,9,2
556,0,1
556,1,0
556,2,0
556,3,1
556,4,2
556,5,1
556,6,2
556,7,1
556,8,0
556,9,2
557,0,2
557,1,1
557,2,2
557,3,1
557,4,4
557,5,2
557,6,4
557,7,3
557,8,3
557,9,2
558,0,0
558,1,2
558,2,2
558,3,2
558,4,3
558,5,1
558,6,0
558,7,2
558,8,2
558,9,2
559,0,1
559,1,2
559,2,2
559,3,2
559,4,3
559,5,2
559,6,0
559,7,0
559,8,2
559,9,0
560,0,2
560,1,2
560,2,1
560,3,1
560,4,2
560,5,1
560,6,0
560,7,2
560,8,1
560,9,4
561,0,2
561,1,1
561,2,0
561,3,2
561,4,0
561,5,1
561,6,2
561,7,2
561,8,1
561,9,2
562,0,2
562,1,4
562,2,3
562,3,0
562,4,3
562,5,2
562,6,2
562,7,2
562,8,0
562,9,2
563,0,2
563,1,1
563,2,1
563,3,2
563,4,2
563,5,2
563,6,3
563,7,3
563,8,1
563,9,0
564,0,2
564,1,1
564,2,1
564,3,2
564,4,3
564,5,2
564,6,3
564,7,2
564,8,3
564,9,2
565,0,2
565,1,3
565,2,4
565,3,4
565,4,0
565,5,2
565,6,2
565,7,2
565,8,0
565,9,4
566,0,2
566,1,1
566,2,2
566,3,3
566,4,2
566,5,2
566,6,2
566,7,1
566,8,4
566,9,2
567,0,3
567,1,2
567,2,1
567,3,1
567,4,0
567,5,0
567,6,2
567,7,3
567,8,2
567,9,3
568,0,2
568,1,2
568,2,2
568,3,3
568,4,0
568,5,2
568,6,1
568,7,2
568,8,1
568,9,2
569,0,1
569,1,1
569,2,0
569,3,1
569,4,2
569,5,1
569,6,3
569,7,0
569,8,3
569,9,2
570,0,0
570,1,2
570,2,0
570,3,3
570,4,2
570,5,2
570,6,0
570,7,1
570,8,2
570,9,3
571,0,3
571,1,2
571,2,2
571,3,2
571,4,3
571,5,3
571,6,2
571,7,1
571,8,0
571,9,2
572,0,2
572,1,1
572,2,2
572,3,2
572,4,0
572,5,1
572,6,0
572,7,1
572,8,1
572,9,2
573,0,2
573,1,1
573,2,0
573,3,1
573,4,2
573,5,2
573,6,0
573,7,3
573,8,3
573,9,0
574,0,1
574,1,2
574,2,1
574,3,2
574,4,2
574,5,1
574,6,0
574,7,0
574,8,2
574,9,2
575,0,4
575,1,2
575,2,2
575,3,0
575,4,2
575,5,2
575,6,3
575,7,1
575,8,2
575,9,0
576,0,1
576,1,2
576,2,0
576,3,2
576,4,2
576,5,2
576,6,1
576,7,3
576,8,0
576,9,1
577,0,0
577,1,2
577,2,1
577,3,2
577,4,2
577,5,2
577,6,2
577,7,0
577,8,2
577,9,2
578,0,0
578,1,2
578,2,0
578,3,1
578,4,3
578,5,1
578,6,1
578,7,1
578,8,0
578,9,3
579,0,1
579,1,0
579,2,1
579,3,1
579,4,1
579,5,4
579,6,0
579,7,2
579,8,3
579,9,3
580,0,3
580,1,2
580,2,1
580,3,2
580,4,2
580,5,2
580,6,1
580,7,1
580,8,0
580,9,2
581,0,2
581,1,1
581,2,2
581,3,0
581,4,1
581,5,2
581,6,1
581,7,0
581,8,0
581,9,0
582,0,1
582,1,2
582,2,2
582,3,2
582,4,0
582,5,2
582,6,1
582,7,1
582,8,0
582,9,2
583,0,2
583,1,0
583,2,2
583,3,3
583,4,3
583,5,1
583,6,2
583,7,0
583,8,0
583,9,0
584,0,2
584,1,2
584,2,2
584,3,2
584,4,1
584,5,2
584,6,1
584,7,0
584,8,0
584,9,0
585,0,1
585,1,2
585,2,0
585,3,2
585,4,2
585,5,0
585,6,1
585,7,3
585,8,0
585,9,1
586,0,2
586,1,2
586,2,0
586,3,2
586,4,1
586,5,2
586,6,1
586,7,2
586,8,3
586,9,0
587,0,1
587,1,3
587,2,1
587,3,1
587,4,3
587,5,1
587,6,1
587,7,3
587,8,0
587,9,0
588,0,3
588,1,1
588,2,1
588,3,2
588,4,2
588,5,3
588,6,0
588,7,0
588,8,1
588,9,2
589,0,1
589,1,3
589,2,0
589,3,0
589,4,0
589,5,2
589,6,1
589,7,1
589,8,0
589,9,2
590,0,0
590,1,3
590,2,0
590,3,1
590,4,1
590,5,1
590,6,0
590,7,3
590,8,0
590,9,2
591,0,2
591,1,0
591,2,3
591,3,1
591,4,2
591,5,3
591,6,0
591,7,3
591,8,0
591,9,3
592,0,1
592,1,1
592,2,2
592,3,2
592,4,0
592,5,3
592,6,3
592,7,3
592,8,0
592,9,1
593,0,0
593,1,2
593,2,1
593,3,2
593,4,2
593,5,3
593,6,2
593,7,1
593,8,0
593,9,1
594,0,2
594,1,1
594,2,3
594,3,3
594,4,3
594,5,0
594,6,3
594,7,0
594,8,1
594,9,3
595,0,0
595,1,0
595,2,1
595,3,2
595,4,0
595,5,2
595,6,0
595,7,1
595,8,0
595,9,0
596,0,1
596,1,3
596,2,1
596,3,0
596,4,0
596,5,2
596,6,3
596,7,1
596,8,2
596,9,3
597,0,1
597,1,2
597,2,2
597,3,0
597,4,2
597,5,2
597,6,0
597,7,3
597,8,0
597,9,0
598,0,0
598,1,0
598,2,1
598,3,2
598,4,2
598,5,3
598,6,1
598,7,4
598,8,1
598,9,2
599,0,1
599,1,3
599,2,2
599,3,1
599,4,3
599,5,1
599,6,2
599,7,3
599,8,2
599,9,2
600,0,2
600,1,2
600,2,2
600,3,0
600,4,4
600,5,0
600,6,2
600,7,2
600,8,2
600,9,2
601,0,1
601,1,1
601,2,3
601,3,1
601,4,1
601,5,4
601,6,1
601,7,1
601,8,2
601,9,1
602,0,3
602,1,0
602,2,0
602,3,1
602,4,1
602,5,2
602,6,1
602,7,2
602,8,1
602,9,0
603,0,1
603,1,0
603,2,1
603,3,3
603,4,1
603,5,0
603,6,1
603,7,3
603,8,1
603,9,1
604,0,1
604,1,2
604,2,2
604,3,1
604,4,0
604,5,0
604,6,0
604,7,3
604,8,2
604,9,2
605,0,1
605,1,1
605,2,2
605,3,1
605,4,1
605,5,0
605,6,2
605,7,1
605,8,2
605,9,1
606,0,1
606,1,2
606,2,1
606,3,2
606,4,0
606,5,1
606,6,4
606,7,0
606,8,1
606,9,3
607,0,1
607,1,0
607,2,2
607,3,1
607,4,2
607,5,1
607,6,1
607,7,0
607,8,0
607,9,4
608,0,2
608,1,2
608,2,1
608,3,3
608,4,3
608,5,0
608,6,1
608,7,2
608,8,1
608,9,1
609,0,3
609,1,1
609,2,0
609,3,3
609,4,3
609,5,2
609,6,1
609,7,1
609,8,2
609,9,0
610,0,1
610,1,3
610,2,1
610,3,1
610,4,1
610,5,0
610,6,0
610,7,0
610,8,1
610,9,1
611,0,3
611,1,0
611,2,1
611,3,0
611,4,3
611,5,3
611,6,1
611,7,1
611,8,3
611,9,0
612,0,2
612,1,2
612,2,1
612,3,0
612,4,2
612,5,0
612,6,1
612,7,0
612,8,3
612,9,2
613,0,1
613,1,2
613,2,1
613,3,3
613,4,1
613,5,0
613,6,1
613,7,3
613,8,2
613,9,0
614,0,1
614,1,4
614,2,2
614,3,2
614,4,2
614,5,1
614,6,3
614,7,4
614,8,2
614,9,0
615,0,1
615,1,1
615,2,1
615,3,2
615,4,3
615,5,4
615,6,2
615,7,3
615,8,2
615,9,3
616,0,2
616,1,0
616,2,2
616,3,1
616,4,1
616,5,2
616,6,0
616,7,2
616,8,1
616,9,0
617,0,4
617,1,0
617,2,3
617,3,3
617,4,1
617,5,1
617,6,2
617,7,2
617,8,1
617,9,0
618,0,0
618,1,0
618,2,1
618,3,2
618,4,1
618,5,0
618,6,4
618,7,4
618,8,1
618,9,1
619,0,4
619,1,2
619,2,1
619,3,4
619,4,0
619,5,0
619,6,2
619,7,1
619,8,1
619,9,3
620,0,3
620,1,0
620,2,1
620,3,1
620,4,2
620,5,1
620,6,1
620,7,0
620,8,0
620,9,1
621,0,2
621,1,0
621,2,1
621,3,2
621,4,2
621,5,1
621,6,3
621,7,1
621,8,2
621,9,1
622,0,3
622,1,2
622,2,2
622,3,1
622,4,1
622,5,1
622,6,0
622,7,1
622,8,2
622,9,2
623,0,2
623,1,1
623,2,2
623,3,2
623,4,1
623,5,2
623,6,1
623,7,1
623,8,0
623,9,0
624,0,0
624,1,2
624,2,1
624,3,0
624,4,1
624,5,0
624,6,0
624,7,3
624,8,2
624,9,0
625,0,1
625,1,1
625,2,0
625,3,1
625,4,3
625,5,1
625,6,1
625,7,1
625,8,3
625,9,1
626,0,1
626,1,1
626,2,1
626,3,1
626,4,2
626,5,1
626,6,1
626,7,0
626,8,1
626,9,0
627,0,1
627,1,1
627,2,0
627,3,0
627,4,2
627,5,0
627,6,0
627,7,0
627,8,0
627,9,0
628,0,2
628,1,2
628,2,4
628,3,1
628,4,1
628,5,1
628,6,1
628,7,3
628,8,2
628,9,1
629,0,1
629,1,4
629,2,2
629,3,1
629,4,0
629,5,2
629,6,2
629,7,0
629,8,2
629,9,0
630,0,0
630,1,2
630,2,1
630,3,1
630,4,2
630,5,2
630,6,0
630,7,2
630,8,1
630,9,3
631,0,2
631,1,0
631,2,2
631,3,2
631,4,1
631,5,3
631,6,1
631,7,2
631,8,3
631,9,2
632,0,2
632,1,2
632,2,2
632,3,2
632,4,2
632,5,0
632,6,1
632,7,0
632,8,3
632,9,1
633,0,1
633,1,1
633,2,0
633,3,2
633,4,1
633,5,0
633,6,1
633,7,1
633,8,4
633,9,1
634,0,2
634,1,0
634,2,3
634,3,2
634,4,1
634,5,0
634,6,2
634,7,1
634,8,1
634,9,3
635,0,1
635,1,0
635,2,4
635,3,1
635,4,1
635,5,0
635,6,3
635,7,3
635,8,2
635,9,2
636,0,1
636,1,0
636,2,2
636,3,0
636,4,1
636,5,2
636,6,3
636,7,1
636,8,2
636,9,4
637,0,2
637,1,2
637,2,2
637,3,0
637,4,3
637,5,0
637,6,2
637,7,3
637,8,0
637,9,2
638,0,2
638,1,3
638,2,1
638,3,0
638,4,4
638,5,2
638,6,1
638,7,2
638,8,2
638,9,0
639,0,2
639,1,1
639,2,1
639,3,0
639,4,0
639,5,0
639,6,0
639,7,0
639,8,0
639,9,1
640,0,4
640,1,2
640,2,3
640,3,1
640,4,3
640,5,1
640,6,1
640,7,2
640,8,3
640,9,2
641,0,1
641,1,2
641,2,3
641,3,2
641,4,2
641,5,1
641,6,2
641,7,2
641,8,2
641,9,1
642,0,2
642,1,2
642,2,2
642,3,1
642,4,2
642,5,1
642,6,3
642,7,1
642,8,1
642,9,1
643,0,1
643,1,3
643,2,4
643,3,2
643,4,2
643,5,1
643,6,1
643,7,2
643,8,4
643,9,1
644,0,2
644,1,3
644,2,4
644,3,3
644,4,0
644,5,3
644,6,1
644,7,1
644,8,2
644,9,1
645,0,0
645,1,1
645,2,4
645,3,3
645,4,0
645,5,2
645,6,2
645,7,1
645,8,0
645,9,2
646,0,0
646,1,3
646,2,2
646,3,0
646,4,0
646,5,3
646,6,3
646,7,2
646,8,1
646,9,3
647,0,1
647,1,2
647,2,3
647,3,1
647,4,4
647,5,2
647,6,1
647,7,2
647,8,0
647,9,2
648,0,0
648,1,0
648,2,3
648,3,4
648,4,1
648,5,0
648,6,5
648,7,3
648,8,3
648,9,1
649,0,2
649,1,0
649,2,3
649,3,0
649,4,2
649,5,2
649,6,0
649,7,4
649,8,2
649,9,3
650,0,3
650,1,4
650,2,1
650,3,0
650,4,2
650,5,1
650,6,3
650,7,3
650,8,3
650,9,2
651,0,3
651,1,1
651,2,0
651,3,1
651,4,0
651,5,2
651,6,1
651,7,3
651,8,2
651,9,2
652,0,2
652,1,2
652,2,2
652,3,2
652,4,4
652,5,4
652,6,2
652,7,0
652,8,0
652,9,3
653,0,2
653,1,4
653,2,2
653,3,2
653,4,3
653,5,1
653,6,3
653,7,3
653,8,0
653,9,2
654,0,1
654,1,3
654,2,2
654,3,0
654,4,1
654,5,2
654,6,1
654,7,2
654,8,0
654,9,2
655,0,2
655,1,0
655,2,4
655,3,2
655,4,0
655,5,4
655,6,1
655,7,1
655,8,2
655,9,2
656,0,2
656,1,0
656,2,3
656,3,0
656,4,0
656,5,2
656,6,0
656,7,4
656,8,2
656,9,2
657,0,2
657,1,2
657,2,2
657,3,4
657,4,3
657,5,0
657,6,2
657,7,0
657,8,2
657,9,0
658,0,1
658,1,3
658,2,4
658,3,1
658,4,0
658,5,2
658,6,2
658,7,3
658,8,1
658,9,2
659,0,4
659,1,1
659,2,0
659,3,3
659,4,2
659,5,4
659,6,1
659,7,3
659,8,1
659,9,0
660,0,0
660,1,3
660,2,3
660,3,1
660,4,2
660,5,2
660,6,0
660,7,2
660,8,1
660,9,1
661,0,4
661,1,2
661,2,1
661,3,0
661,4,2
661,5,2
661,6,3
661,7,0
661,8,3
661,9,1
662,0,3
662,1,0
662,2,3
662,3,0
662,4,3
662,5,3
662,6,1
662,7,1
662,8,2
662,9,2
663,0,2
663,1,2
663,2,3
663,3,3
663,4,1
663,5,3
663,6,1
663,7,0
663,8,4
663,9,2
664,0,0
664,1,2
664,2,2
664,3,3
664,4,4
664,5,2
664,6,3
664,7,0
664,8,3
664,9,0
665,0,4
665,1,2
665,2,1
665,3,0
665,4,2
665,5,3
665,6,0
665,7,2
665,8,1
665,9,1
666,0,0
666,1,2
666,2,3
666,3,2
666,4,1
666,5,2
666,6,1
666,7,4
666,8,3
666,9,0
667,0,3
667,1,2
667,2,1
667,3,1
667,4,2
667,5,2
667,6,2
667,7,1
667,8,1
667,9,3
668,0,0
668,1,1
668,2,3
668,3,2
668,4,3
668,5,3
668,6,2
668,7,3
668,8,2
668,9,2
669,0,3
669,1,3
669,2,2
669,3,6
669,4,0
669,5,2
669,6,3
669,7,0
669,8,0
669,9,1
670,0,2
670,1,0
670,2,3
670,3,2
670,4,0
670,5,2
670,6,1
670,7,4
670,8,0
670,9,2
671,0,4
671,1,2
671,2,1
671,3,0
671,4,3
671,5,1
671,6,0
671,7,4
671,8,2
671,9,0
672,0,2
672,1,3
672,2,0
672,3,3
672,4,4
672,5,0
672,6,3
672,7,2
672,8,3
672,9,3
673,0,2
673,1,3
673,2,3
673,3,2
673,4,1
673,5,2
673,6,1
673,7,1
673,8,2
673,9,0
674,0,2
674,1,4
674,2,3
674,3,2
674,4,0
674,5,0
674,6,1
674,7,1
674,8,2
674,9,1
675,0,3
675,1,2
675,2,0
675,3,3
675,4,3
675,5,2
675,6,2
675,7,1
675,8,2
675,9,0
676,0,1
676,1,4
676,2,0
676,3,5
676,4,0
676,5,2
676,6,1
676,7,3
676,8,2
676,9,2
677,0,3
677,1,0
677,2,2
677,3,0
677,4,1
677,5,1
677,6,0
677,7,0
677,8,0
677,9,3
678,0,2
678,1,2
678,2,2
678,3,0
678,4,1
678,5,0
678,6,0
678,7,3
678,8,0
678,9,2
679,0,3
679,1,1
679,2,0
679,3,3
679,4,0
679,5,3
679,6,2
679,7,0
679,8,0
679,9,3
680,0,1
680,1,3
680,2,1
680,3,4
680,4,1
680,5,4
680,6,3
680,7,2
680,8,1
680,9,2
681,0,3
681,1,0
681,2,3
681,3,2
681,4,3
681,5,3
681,6,2
681,7,2
681,8,2
681,9,3
682,0,2
682,1,2
682,2,0
682,3,2
682,4,3
682,5,1
682,6,3
682,7,2
682,8,1
682,9,4
683,0,2
683,1,1
683,2,3
683,3,0
683,4,2
683,5,2
683,6,1
683,7,1
683,8,3
683,9,2
684,0,4
684,1,1
684,2,2
684,3,0
684,4,3
684,5,3
684,6,0
684,7,4
684,8,4
684,9,2
685,0,3
685,1,3
685,2,1
685,3,2
685,4,3
685,5,3
685,6,3
685,7,2
685,8,2
685,9,1
686,0,3
686,1,1
686,2,1
686,3,3
686,4,2
686,5,2
686,6,2
686,7,3
686,8,1
686,9,2
687,0,0
687,1,3
687,2,3
687,3,3
687,4,2
687,5,3
687,6,4
687,7,2
687,8,5
687,9,0
688,0,1
688,1,3
688,2,1
688,3,3
688,4,4
688,5,1
688,6,0
688,7,2
688,8,3
688,9,0
689,0,0
689,1,2
689,2,3
689,3,3
689,4,2
689,5,3
689,6,2
689,7,5
689,8,3
689,9,0
690,0,3
690,1,4
690,2,3
690,3,3
690,4,0
690,5,5
690,6,2
690,7,1
690,8,3
690,9,2
691,0,4
691,1,1
691,2,2
691,3,1
691,4,2
691,5,1
691,6,1
691,7,1
691,8,2
691,9,1
692,0,3
692,1,1
692,2,4
692,3,3
692,4,2
692,5,0
692,6,2
692,7,1
692,8,0
692,9,2
693,0,4
693,1,2
693,2,1
693,3,2
693,4,0
693,5,0
693,6,0
693,7,0
693,8,1
693,9,3
694,0,3
694,1,2
694,2,3
694,3,1
694,4,3
694,5,2
694,6,1
694,7,2
694,8,0
694,9,0
695,0,0
695,1,3
695,2,2
695,3,3
695,4,2
695,5,0
695,6,0
695,7,4
695,8,1
695,9,1
696,0,3
696,1,2
696,2,3
696,3,3
696,4,1
696,5,3
696,6,1
696,7,0
696,8,1
696,9,0
697,0,0
697,1,3
697,2,3
697,3,3
697,4,3
697,5,3
697,6,0
697,7,2
697,8,2
697,9,3
698,0,3
698,1,1
698,2,0
698,3,2
698,4,3
698,5,3
698,6,1
698,7,1
698,8,1
698,9,2
699,0,2
699,1,3
699,2,3
699,3,3
699,4,2
699,5,2
699,6,2
699,7,2
699,8,2
699,9,1
700,0,4
700,1,0
700,2,2
700,3,2
700,4,4
700,5,3
700,6,3
700,7,3
700,8,1
700,9,2
701,0,3
701,1,1
701,2,0
701,3,4
701,4,0
701,5,3
701,6,2
701,7,4
701,8,0
701,9,4
702,0,0
702,1,0
702,2,4
702,3,0
702,4,0
702,5,3
702,6,2
702,7,0
702,8,1
702,9,3
703,0,0
703,1,4
703,2,1
703,3,1
703,4,3
703,5,2
703,6,2
703,7,0
703,8,2
703,9,3
704,0,0
704,1,3
704,2,1
704,3,1
704,4,1
704,5,4
704,6,2
704,7,0
704,8,0
704,9,0
705,0,0
705,1,4
705,2,2
705,3,0
705,4,2
705,5,1
705,6,3
705,7,3
705,8,3
705,9,1
706,0,4
706,1,2
706,2,0
706,3,1
706,4,3
706,5,0
706,6,3
706,7,3
706,8,0
706,9,0
707,0,1
707,1,1
707,2,4
707,3,1
707,4,3
707,5,3
707,6,1
707,7,3
707,8,0
707,9,1
708,0,0
708,1,3
708,2,0
708,3,3
708,4,3
708,5,0
708,6,0
708,7,3
708,8,0
708,9,2
709,0,0
709,1,0
709,2,0
709,3,4
709,4,1
709,5,1
709,6,2
709,7,2
709,8,4
709,9,1
710,0,2
710,1,2
710,2,3
710,3,2
710,4,1
710,5,0
710,6,4
710,7,2
710,8,2
710,9,0
711,0,3
711,1,4
711,2,2
711,3,2
711,4,3
711,5,3
711,6,1
711,7,1
711,8,3
711,9,2
712,0,0
712,1,1
712,2,0
712,3,0
712,4,3
712,5,0
712,6,0
712,7,4
712,8,0
712,9,2
713,0,4
713,1,0
713,2,4
713,3,3
713,4,2
713,5,5
713,6,4
713,7,0
713,8,1
713,9,3
714,0,2
714,1,3
714,2,0
714,3,3
714,4,2
714,5,4
714,6,3
714,7,1
714,8,1
714,9,0
715,0,2
715,1,4
715,2,3
715,3,2
715,4,4
715,5,3
715,6,5
715,7,2
715,8,1
715,9,0
716,0,2
716,1,3
716,2,0
716,3,3
716,4,3
716,5,4
716,6,0
716,7,1
716,8,2
716,9,0
717,0,3
717,1,3
717,2,3
717,3,0
717,4,1
717,5,4
717,6,2
717,7,5
717,8,0
717,9,0
718,0,1
718,1,2
718,2,2
718,3,3
718,4,1
718,5,2
718,6,2
718,7,2
718,8,0
718,9,5
719,0,0
719,1,3
719,2,0
719,3,4
719,4,1
719,5,0
719,6,0
719,7,1
719,8,3
719,9,3
720,0,1
720,1,4
720,2,4
720,3,3
720,4,3
720,5,2
720,6,6
720,7,1
720,8,0
720,9,1
721,0,0
721,1,2
721,2,4
721,3,1
721,4,0
721,5,0
721,6,2
721,7,3
721,8,2
721,9,2
722,0,2
722,1,3
722,2,1
722,3,2
722,4,0
722,5,2
722,6,1
722,7,4
722,8,4
722,9,1
723,0,1
723,1,3
723,2,4
723,3,5
723,4,0
723,5,4
723,6,6
723,7,4
723,8,1
723,9,2
724,0,0
724,1,4
724,2,4
724,3,1
724,4,4
724,5,2
724,6,4
724,7,2
724,8,4
724,9,1
725,0,1
725,1,2
725,2,3
725,3,0
725,4,1
725,5,2
725,6,2
725,7,0
725,8,4
725,9,4
726,0,2
726,1,2
726,2,1
726,3,2
726,4,3
726,5,6
726,6,3
726,7,2
726,8,2
726,9,3
727,0,2
727,1,3
727,2,1
727,3,1
727,4,1
727,5,4
727,6,3
727,7,2
727,8,3
727,9,4
728,0,1
728,1,2
728,2,3
728,3,3
728,4,3
728,5,3
728,6,5
728,7,4
728,8,1
728,9,3
729,0,3
729,1,3
729,2,1
729,3,3
729,4,0
729,5,2
729,6,4
729,7,0
729,8,4
729,9,3
730,0,3
730,1,1
730,2,4
730,3,2
730,4,5
730,5,4
730,6,2
730,7,6
730,8,3
730,9,3
731,0,4
731,1,3
731,2,2
731,3,4
731,4,1
731,5,3
731,6,3
731,7,0
731,8,5
731,9,3
732,0,3
732,1,0
732,2,3
732,3,5
732,4,2
732,5,1
732,6,2
732,7,2
732,8,0
732,9,4
733,0,5
733,1,4
733,2,2
733,3,0
733,4,1
733,5,4
733,6,3
733,7,0
733,8,0
733,9,4
734,0,0
734,1,1
734,2,3
734,3,5
734,4,6
734,5,3
734,6,0
734,7,4
734,8,4
734,9,0
735,0,6
735,1,3
735,2,3
735,3,2
735,4,0
735,5,4
735,6,6
735,7,0
735,8,1
735,9,4
736,0,1
736,1,2
736,2,2
736,3,2
736,4,2
736,5,2
736,6,3
736,7,3
736,8,4
736,9,4
737,0,2
737,1,2
737,2,5
737,3,4
737,4,0
737,5,0
737,6,5
737,7,3
737,8,2
737,9,1
738,0,2
738,1,1
738,2,3
738,3,3
738,4,1
738,5,4
738,6,4
738,7,3
738,8,1
738,9,7
739,0,2
739,1,0
739,2,3
739,3,4
739,4,2
739,5,2
739,6,2
739,7,0
739,8,3
739,9,3
740,0,3
740,1,1
740,2,3
740,3,1
740,4,3
740,5,5
740,6,2
740,7,0
740,8,3
740,9,3
741,0,1
741,1,3
741,2,4
741,3,1
741,4,6
741,5,0
741,6,3
741,7,1
741,8,3
741,9,2
742,0,4
742,1,4
742,2,7
742,3,4
742,4,0
742,5,2
742,6,3
742,7,1
742,8,1
742,9,4
743,0,4
743,1,5
743,2,1
743,3,2
743,4,4
743,5,4
743,6,5
743,7,3
743,8,3
743,9,1
744,0,5
744,1,2
744,2,4
744,3,2
744,4,0
744,5,2
744,6,3
744,7,4
744,8,0
744,9,4
745,0,5
745,1,1
745,2,2
745,3,4
745,4,6
745,5,4
745,6,5
745,7,0
745,8,3
745,9,2
746,0,0
746,1,0
746,2,4
746,3,4
746,4,1
746,5,4
746,6,0
746,7,2
746,8,4
746,9,5
747,0,4
747,1,1
747,2,0
747,3,5
747,4,4
747,5,1
747,6,2
747,7,4
747,8,5
747,9,2
748,0,4
748,1,0
748,2,5
748,3,4
748,4,1
748,5,4
748,6,1
748,7,3
748,8,2
748,9,3
749,0,3
749,1,1
749,2,1
749,3,4
749,4,3
749,5,4
749,6,4
749,7,0
749,8,4
749,9,2
750,0,1
750,1,2
750,2,0
750,3,1
750,4,2
750,5,0
750,6,0
750,7,1
750,8,0
750,9,0
751,0,2
751,1,7
751,2,5
751,3,2
751,4,0
751,5,3
751,6,0
751,7,0
751,8,2
751,9,3
752,0,3
752,1,0
752,2,3
752,3,1
752,4,2
752,5,2
752,6,0
752,7,2
752,8,5
752,9,2
753,0,2
753,1,0
753,2,2
753,3,0
753,4,0
753,5,4
753,6,3
753,7,4
753,8,0
753,9,0
754,0,1
754,1,1
754,2,1
754,3,4
754,4,1
754,5,3
754,6,3
754,7,0
754,8,5
754,9,2
755,0,1
755,1,4
755,2,1
755,3,5
755,4,4
755,5,3
755,6,1
755,7,0
755,8,4
755,9,2
756,0,2
756,1,1
756,2,5
756,3,1
756,4,1
756,5,1
756,6,0
756,7,3
756,8,0
756,9,2
757,0,5
757,1,3
757,2,2
757,3,0
757,4,3
757,5,2
757,6,1
757,7,0
757,8,3
757,9,1
758,0,6
758,1,0
758,2,1
758,3,1
758,4,3
758,5,2
758,6,0
758,7,3
758,8,2
758,9,2
759,0,1
759,1,3
759,2,3
759,3,3
759,4,2
759,5,3
759,6,3
759,7,6
759,8,4
759,9,2
760,0,6
760,1,2
760,2,0
760,3,4
760,4,8
760,5,3
760,6,3
760,7,0
760,8,5
760,9,3
761,0,0
761,1,3
761,2,5
761,3,2
761,4,3
761,5,4
761,6,2
761,7,1
761,8,2
761,9,4
762,0,5
762,1,1
762,2,0
762,3,4
762,4,3
762,5,4
762,6,1
762,7,6
762,8,3
762,9,3
763,0,0
763,1,4
763,2,3
763,3,1
763,4,5
763,5,3
763,6,2
763,7,3
763,8,2
763,9,3
764,0,4
764,1,4
764,2,0
764,3,2
764,4,0
764,5,7
764,6,2
764,7,2
764,8,7
764,9,6
765,0,3
765,1,5
765,2,3
765,3,0
765,4,2
765,5,0
765,6,2
765,7,3
765,8,2
765,9,1
766,0,3
766,1,4
766,2,3
766,3,3
766,4,1
766,5,6
766,6,4
766,7,2
766,8,2
766,9,5
767,0,3
767,1,0
767,2,4
767,3,3
767,4,2
767,5,0
767,6,1
767,7,1
767,8,3
767,9,5
768,0,4
768,1,3
768,2,1
768,3,0
768,4,3
768,5,3
768,6,3
768,7,1
768,8,6
768,9,3
769,0,5
769,1,0
769,2,2
769,3,1
769,4,2
769,5,3
769,6,5
769,7,3
769,8,1
769,9,4
770,0,2
770,1,0
770,2,1
770,3,5
770,4,0
770,5,1
770,6,3
770,7,0
770,8,2
770,9,2
771,0,4
771,1,0
771,2,4
771,3,6
771,4,3
771,5,1
771,6,2
771,7,3
771,8,2
771,9,0
772,0,2
772,1,2
772,2,0
772,3,0
772,4,1
772,5,3
772,6,0
772,7,2
772,8,3
772,9,2
773,0,3
773,1,2
773,2,2
773,3,2
773,4,2
773,5,6
773,6,4
773,7,4
773,8,3
773,9,0
774,0,5
774,1,3
774,2,1
774,3,2
774,4,3
774,5,3
774,6,5
774,7,5
774,8,0
774,9,4
775,0,3
775,1,2
775,2,3
775,3,2
775,4,1
775,5,0
775,6,3
775,7,3
775,8,3
775,9,1
776,0,4
776,1,2
776,2,5
776,3,3
776,4,0
776,5,2
776,6,4
776,7,2
776,8,2
776,9,2
777,0,2
777,1,1
777,2,3
777,3,1
777,4,1
777,5,0
777,6,3
777,7,4
777,8,0
777,9,0
778,0,0
778,1,3
778,2,4
778,3,4
778,4,1
778,5,0
778,6,0
778,7,3
778,8,4
778,9,1
779,0,1
779,1,6
779,2,0
779,3,4
779,4,1
779,5,5
779,6,1
779,7,1
779,8,2
779,9,3
780,0,3
780,1,0
780,2,1
780,3,5
780,4,2
780,5,2
780,6,2
780,7,3
780,8,4
780,9,2
781,0,3
781,1,4
781,2,2
781,3,3
781,4,0
781,5,3
781,6,2
781,7,0
781,8,3
781,9,0
782,0,2
782,1,4
782,2,1
782,3,6
782,4,4
782,5,4
782,6,1
782,7,4
782,8,0
782,9,0
783,0,4
783,1,0
783,2,0
783,3,1
783,4,4
783,5,4
783,6,5
783,7,0
783,8,0
783,9,2
784,0,5
784,1,0
784,2,5
784,3,6
784,4,3
784,5,6
784,6,4
784,7,4
784,8,0
784,9,3
785,0,0
785,1,1
785,2,4
785,3,4
785,4,5
785,5,5
785,6,3
785,7,5
785,8,3
785,9,1
786,0,0
786,1,1
786,2,3
786,3,0
786,4,2
786,5,1
786,6,4
786,7,4
786,8,1
786,9,5
787,0,0
787,1,3
787,2,0
787,3,0
787,4,0
787,5,4
787,6,4
787,7,0
787,8,1
787,9,1
788,0,0
788,1,0
788,2,0
788,3,5
788,4,5
788,5,1
788,6,0
788,7,5
788,8,5
788,9,4
789,0,0
789,1,5
789,2,2
789,3,1
789,4,3
789,5,1
789,6,0
789,7,4
789,8,5
789,9,6
790,0,2
790,1,0
790,2,5
790,3,2
790,4,2
790,5,0
790,6,2
790,7,3
790,8,5
790,9,0
791,0,1
791,1,2
791,2,0
791,3,3
791,4,3
791,5,7
791,6,0
791,7,2
791,8,6
791,9,3
792,0,2
792,1,0
792,2,2
792,3,0
792,4,1
792,5,3
792,6,6
792,7,1
792,8,1
792,9,0
793,0,2
793,1,0
793,2,1
793,3,4
793,4,4
793,5,0
793,6,2
793,7,2
793,8,3
793,9,0
794,0,0
794,1,4
794,2,1
794,3,0
794,4,2
794,5,0
794,6,2
794,7,1
794,8,2
794,9,4
795,0,0
795,1,5
795,2,1
795,3,2
795,4,5
795,5,0
795,6,4
795,7,1
795,8,3
795,9,3
796,0,4
796,1,0
796,2,3
796,3,0
796,4,6
796,5,0
796,6,0
796,7,3
796,8,1
796,9,1
797,0,1
797,1,5
797,2,1
797,3,7
797,4,4
797,5,3
797,6,0
797,7,1
797,8,4
797,9,5
798,0,0
798,1,4
798,2,0
798,3,2
798,4,4
798,5,3
798,6,2
798,7,1
798,8,3
798,9,2
799,0,1
799,1,0
799,2,2
799,3,3
799,4,4
799,5,2
799,6,2
799,7,3
799,8,5
799,9,1
800,0,0
800,1,2
800,2,1
800,3,1
800,4,5
800,5,3
800,6,5
800,7,1
800,8,0
800,9,0
801,0,3
801,1,2
801,2,0
801,3,2
801,4,2
801,5,2
801,6,0
801,7,0
801,8,4
801,9,2
802,0,3
802,1,3
802,2,5
802,3,2
802,4,1
802,5,4
802,6,3
802,7,0
802,8,0
802,9,5
803,0,0
803,1,2
803,2,4
803,3,4
803,4,1
803,5,4
803,6,0
803,7,0
803,8,1
803,9,4
804,0,2
804,1,5
804,2,4
804,3,0
804,4,3
804,5,5
804,6,0
804,7,4
804,8,0
804,9,1
805,0,3
805,1,3
805,2,2
805,3,0
805,4,3
805,5,2
805,6,0
805,7,0
805,8,3
805,9,0
806,0,1
806,1,0
806,2,3
806,3,5
806,4,0
806,5,1
806,6,1
806,7,0
806,8,3
806,9,3
807,0,7
807,1,1
807,2,4
807,3,2
807,4,3
807,5,1
807,6,4
807,7,2
807,8,2
807,9,2
808,0,5
808,1,4
808,2,2
808,3,0
808,4,0
808,5,4
808,6,4
808,7,1
808,8,2
808,9,2
809,0,0
809,1,4
809,2,2
809,3,3
809,4,3
809,5,4
809,6,3
809,7,2
809,8,2
809,9,1
810,0,1
810,1,3
810,2,1
810,3,1
810,4,1
810,5,1
810,6,3
810,7,2
810,8,4
810,9,3
811,0,3
811,1,1
811,2,2
811,3,2
811,4,2
811,5,2
811,6,1
811,7,4
811,8,3
811,9,5
812,0,1
812,1,2
812,2,0
812,3,5
812,4,0
812,5,3
812,6,4
812,7,1
812,8,0
812,9,3
813,0,1
813,1,1
813,2,2
813,3,1
813,4,4
813,5,5
813,6,6
813,7,3
813,8,3
813,9,1
814,0,0
814,1,2
814,2,4
814,3,5
814,4,2
814,5,1
814,6,0
814,7,1
814,8,3
814,9,2
815,0,0
815,1,2
815,2,5
815,3,1
815,4,1
815,5,7
815,6,1
815,7,3
815,8,3
815,9,3
816,0,2
816,1,2
816,2,1
816,3,1
816,4,5
816,5,3
816,6,3
816,7,1
816,8,0
816,9,3
817,0,0
817,1,1
817,2,2
817,3,3
817,4,6
817,5,5
817,6,5
817,7,0
817,8,1
817,9,0
818,0,3
818,1,1
818,2,3
818,3,1
818,4,3
818,5,3
818,6,2
818,7,1
818,8,1
818,9,0
819,0,0
819,1,1
819,2,1
819,3,3
819,4,1
819,5,1
819,6,2
819,7,2
819,8,5
819,9,2
820,0,0
820,1,5
820,2,2
820,3,5
820,4,7
820,5,0
820,6,0
820,7,3
820,8,2
820,9,3
821,0,4
821,1,3
821,2,3
821,3,0
821,4,0
821,5,0
821,6,4
821,7,4
821,8,3
821,9,4
822,0,2
822,1,3
822,2,2
822,3,1
822,4,3
822,5,3
822,6,1
822,7,0
822,8,2
822,9,1
823,0,0
823,1,4
823,2,1
823,3,2
823,4,2
823,5,0
823,6,1
823,7,5
823,8,4
823,9,2
824,0,4
824,1,1
824,2,4
824,3,2
824,4,0
824,5,2
824,6,2
824,7,6
824,8,0
824,9,0
825,0,3
825,1,4
825,2,4
825,3,4
825,4,3
825,5,0
825,6,2
825,7,3
825,8,0
825,9,1
826,0,3
826,1,5
826,2,4
826,3,3
826,4,4
826,5,4
826,6,2
826,7,3
826,8,2
826,9,3
827,0,3
827,1,4
827,2,4
827,3,0
827,4,2
827,5,1
827,6,1
827,7,3
827,8,0
827,9,3
828,0,1
828,1,1
828,2,3
828,3,3
828,4,6
828,5,0
828,6,2
828,7,2
828,8,1
828,9,5
829,0,4
829,1,4
829,2,1
829,3,2
829,4,2
829,5,2
829,6,3
829,7,2
829,8,3
829,9,0
830,0,5
830,1,5
830,2,5
830,3,4
830,4,2
830,5,6
830,6,1
830,7,2
830,8,2
830,9,1
831,0,1
831,1,1
831,2,1
831,3,4
831,4,0
831,5,0
831,6,4
831,7,0
831,8,2
831,9,1
832,0,0
832,1,3
832,2,1
832,3,1
832,4,4
832,5,2
832,6,1
832,7,2
832,8,0
832,9,1
833,0,6
833,1,4
833,2,3
833,3,3
833,4,1
833,5,0
833,6,1
833,7,2
833,8,3
833,9,0
834,0,3
834,1,2
834,2,2
834,3,3
834,4,4
834,5,0
834,6,2
834,7,2
834,8,4
834,9,1
835,0,1
835,1,0
835,2,0
835,3,2
835,4,3
835,5,2
835,6,1
835,7,6
835,8,1
835,9,0
836,0,2
836,1,0
836,2,2
836,3,4
836,4,0
836,5,2
836,6,2
836,7,5
836,8,1
836,9,3
837,0,4
837,1,0
837,2,2
837,3,5
837,4,6
837,5,1
837,6,4
837,7,1
837,8,2
837,9,1
838,0,3
838,1,0
838,2,0
838,3,1
838,4,1
838,5,2
838,6,3
838,7,1
838,8,2
838,9,1
839,0,1
839,1,2
839,2,0
839,3,1
839,4,3
839,5,1
839,6,2
839,7,2
839,8,2
839,9,4
840,0,0
840,1,2
840,2,0
840,3,4
840,4,2
840,5,6
840,6,2
840,7,1
840,8,2
840,9,1
841,0,1
841,1,0
841,2,2
841,3,3
841,4,2
841,5,0
841,6,5
841,7,3
841,8,3
841,9,1
842,0,3
842,1,4
842,2,1
842,3,0
842,4,0
842,5,4
842,6,2
842,7,6
842,8,1
842,9,3
843,0,1
843,1,6
843,2,1
843,3,5
843,4,1
843,5,4
843,6,6
843,7,1
843,8,1
843,9,3
844,0,4
844,1,1
844,2,4
844,3,0
844,4,3
844,5,3
844,6,4
844,7,2
844,8,4
844,9,3
845,0,1
845,1,1
845,2,2
845,3,3
845,4,3
845,5,3
845,6,0
845,7,4
845,8,3
845,9,0
846,0,1
846,1,3
846,2,0
846,3,2
846,4,1
846,5,1
846,6,2
846,7,3
846,8,4
846,9,2
847,0,2
847,1,2
847,2,4
847,3,5
847,4,3
847,5,3
847,6,4
847,7,1
847,8,0
847,9,2
848,0,2
848,1,4
848,2,2
848,3,3
848,4,0
848,5,3
848,6,3
848,7,1
848,8,0
848,9,1
849,0,1
849,1,3
849,2,0
849,3,0
849,4,4
849,5,3
849,6,0
849,7,0
849,8,1
849,9,3
850,0,3
850,1,1
850,2,1
850,3,1
850,4,3
850,5,4
850,6,1
850,7,2
850,8,1
850,9,0
851,0,1
851,1,0
851,2,4
851,3,4
851,4,3
851,5,3
851,6,0
851,7,0
851,8,2
851,9,0
852,0,0
852,1,1
852,2,2
852,3,2
852,4,2
852,5,4
852,6,1
852,7,3
852,8,1
852,9,1
853,0,4
853,1,5
853,2,2
853,3,2
853,4,5
853,5,3
853,6,2
853,7,2
853,8,1
853,9,5
854,0,4
854,1,3
854,2,2
854,3,3
854,4,0
854,5,4
854,6,3
854,7,2
854,8,1
854,9,2
855,0,3
855,1,2
855,2,1
855,3,2
855,4,2
855,5,1
855,6,2
855,7,2
855,8,1
855,9,2
856,0,3
856,1,1
856,2,2
856,3,1
856,4,3
856,5,0
856,6,2
856,7,3
856,8,3
856,9,0
857,0,2
857,1,2
857,2,1
857,3,4
857,4,2
857,5,4
857,6,0
857,7,4
857,8,4
857,9,0
858,0,4
858,1,3
858,2,4
858,3,3
858,4,3
858,5,2
858,6,2
858,7,3
858,8,2
858,9,1
859,0,0
859,1,2
859,2,4
859,3,2
859,4,0
859,5,5
859,6,3
859,7,1
859,8,2
859,9,2
860,0,3
860,1,4
860,2,0
860,3,2
860,4,2
860,5,1
860,6,1
860,7,3
860,8,1
860,9,0
861,0,2
861,1,1
861,2,1
861,3,2
861,4,4
861,5,0
861,6,2
861,7,1
861,8,1
861,9,3
862,0,0
862,1,3
862,2,6
862,3,4
862,4,1
862,5,0
862,6,1
862,7,1
862,8,5
862,9,0
863,0,0
863,1,5
863,2,1
863,3,2
863,4,1
863,5,3
863,6,1
863,7,0
863,8,3
863,9,1
864,0,0
864,1,3
864,2,3
864,3,4
864,4,4
864,5,2
864,6,4
864,7,2
864,8,1
864,9,6
865,0,4
865,1,0
865,2,3
865,3,2
865,4,5
865,5,0
865,6,2
865,7,1
865,8,5
865,9,5
866,0,1
866,1,5
866,2,2
866,3,0
866,4,2
866,5,1
866,6,4
866,7,1
866,8,0
866,9,6
867,0,3
867,1,1
867,2,4
867,3,6
867,4,2
867,5,5
867,6,2
867,7,1
867,8,2
867,9,5
868,0,4
868,1,4
868,2,4
868,3,2
868,4,1
868,5,0
868,6,5
868,7,0
868,8,3
868,9,5
869,0,2
869,1,2
869,2,3
869,3,3
869,4,0
869,5,4
869,6,0
869,7,5
869,8,5
869,9,5
870,0,5
870,1,5
870,2,1
870,3,3
870,4,4
870,5,4
870,6,6
870,7,3
870,8,3
870,9,3
871,0,7
871,1,3
871,2,4
871,3,3
871,4,2
871,5,4
871,6,1
871,7,5
871,8,1
871,9,1
872,0,3
872,1,2
872,2,2
872,3,4
872,4,4
872,5,0
872,6,2
872,7,5
872,8,4
872,9,3
873,0,4
873,1,1
873,2,5
873,3,4
873,4,0
873,5,5
873,6,3
873,7,1
873,8,3
873,9,1
874,0,3
874,1,3
874,2,4
874,3,4
874,4,0
874,5,4
874,6,3
874,7,2
874,8,4
874,9,2
875,0,0
875,1,5
875,2,5
875,3,1
875,4,3
875,5,1
875,6,1
875,7,5
875,8,1
875,9,5
876,0,6
876,1,1
876,2,5
876,3,1
876,4,3
876,5,4
876,6,2
876,7,5
876,8,7
876,9,1
877,0,6
877,1,2
877,2,1
877,3,4
877,4,3
877,5,0
877,6,1
877,7,2
877,8,2
877,9,5
878,0,3
878,1,3
878,2,2
878,3,2
878,4,3
878,5,1
878,6,1
878,7,4
878,8,2
878,9,6
879,0,7
879,1,3
879,2,4
879,3,4
879,4,0
879,5,2
879,6,0
879,7,1
879,8,3
879,9,1
880,0,4
880,1,2
880,2,0
880,3,0
880,4,1
880,5,3
880,6,3
880,7,4
880,8,5
880,9,3
881,0,3
881,1,3
881,2,4
881,3,4
881,4,6
881,5,5
881,6,2
881,7,6
881,8,4
881,9,1
882,0,2
882,1,3
882,2,1
882,3,4
882,4,3
882,5,1
882,6,3
882,7,2
882,8,3
882,9,1
883,0,4
883,1,8
883,2,0
883,3,5
883,4,3
883,5,1
883,6,0
883,7,5
883,8,2
883,9,1
884,0,4
884,1,3
884,2,7
884,3,4
884,4,4
884,5,4
884,6,4
884,7,5
884,8,4
884,9,2
885,0,1
885,1,0
885,2,3
885,3,3
885,4,4
885,5,5
885,6,5
885,7,1
885,8,3
885,9,6
886,0,4
886,1,0
886,2,2
886,3,3
886,4,2
886,5,3
886,6,5
886,7,3
886,8,5
886,9,5
887,0,2
887,1,5
887,2,2
887,3,3
887,4,5
887,5,5
887,6,2
887,7,2
887,8,4
887,9,0
888,0,4
888,1,3
888,2,5
888,3,6
888,4,2
888,5,3
888,6,4
888,7,4
888,8,3
888,9,2
889,0,1
889,1,7
889,2,6
889,3,6
889,4,4
889,5,2
889,6,1
889,7,1
889,8,3
889,9,3
890,0,2
890,1,5
890,2,6
890,3,2
890,4,4
890,5,0
890,6,2
890,7,5
890,8,6
890,9,0
891,0,5
891,1,4
891,2,6
891,3,2
891,4,0
891,5,4
891,6,4
891,7,5
891,8,0
891,9,4
892,0,2
892,1,0
892,2,2
892,3,2
892,4,3
892,5,2
892,6,0
892,7,4
892,8,3
892,9,4
893,0,4
893,1,2
893,2,4
893,3,3
893,4,2
893,5,3
893,6,3
893,7,2
893,8,2
893,9,4
894,0,5
894,1,4
894,2,2
894,3,3
894,4,2
894,5,1
894,6,3
894,7,0
894,8,3
894,9,4
895,0,2
895,1,3
895,2,5
895,3,3
895,4,3
895,5,3
895,6,4
895,7,3
895,8,0
895,9,0
896,0,3
896,1,3
896,2,0
896,3,0
896,4,2
896,5,1
896,6,1
896,7,1
896,8,1
896,9,2
897,0,6
897,1,3
897,2,4
897,3,6
897,4,1
897,5,1
897,6,2
897,7,0
897,8,2
897,9,1
898,0,1
898,1,4
898,2,1
898,3,1
898,4,3
898,5,0
898,6,3
898,7,0
898,8,2
898,9,5
899,0,5
899,1,3
899,2,2
899,3,0
899,4,1
899,5,4
899,6,5
899,7,5
899,8,2
899,9,5
900,0,3
900,1,5
900,2,6
900,3,5
900,4,4
900,5,2
900,6,4
900,7,2
900,8,5
900,9,2
901,0,5
901,1,6
901,2,4
901,3,2
901,4,5
901,5,2
901,6,2
901,7,5
901,8,3
901,9,5
902,0,4
902,1,1
902,2,3
902,3,2
902,4,2
902,5,0
902,6,6
902,7,2
902,8,5
902,9,3
903,0,2
903,1,6
903,2,4
903,3,0
903,4,5
903,5,3
903,6,5
903,7,5
903,8,6
903,9,2
904,0,1
904,1,3
904,2,1
904,3,4
904,4,4
904,5,4
904,6,2
904,7,1
904,8,4
904,9,1
905,0,2
905,1,3
905,2,3
905,3,3
905,4,4
905,5,4
905,6,1
905,7,2
905,8,2
905,9,5
906,0,4
906,1,5
906,2,4
906,3,4
906,4,3
906,5,3
906,6,4
906,7,5
906,8,5
906,9,5
907,0,1
907,1,2
907,2,6
907,3,4
907,4,5
907,5,3
907,6,5
907,7,4
907,8,3
907,9,0
908,0,4
908,1,3
908,2,2
908,3,4
908,4,3
908,5,2
908,6,3
908,7,0
908,8,6
908,9,3
909,0,3
909,1,0
909,2,4
909,3,7
909,4,0
909,5,4
909,6,5
909,7,0
909,8,0
909,9,5
910,0,0
910,1,3
910,2,4
910,3,4
910,4,4
910,5,5
910,6,4
910,7,1
910,8,4
910,9,5
911,0,2
911,1,4
911,2,2
911,3,0
911,4,4
911,5,4
911,6,1
911,7,3
911,8,4
911,9,4
912,0,1
912,1,3
912,2,6
912,3,3
912,4,5
912,5,4
912,6,4
912,7,5
912,8,3
912,9,4
913,0,6
913,1,4
913,2,0
913,3,3
913,4,4
913,5,2
913,6,3
913,7,0
913,8,4
913,9,1
914,0,1
914,1,5
914,2,2
914,3,3
914,4,2
914,5,2
914,6,0
914,7,4
914,8,5
914,9,1
915,0,5
915,1,1
915,2,5
915,3,4
915,4,0
915,5,3
915,6,3
915,7,1
915,8,3
915,9,1
916,0,3
916,1,4
916,2,7
916,3,5
916,4,2
916,5,1
916,6,3
916,7,3
916,8,4
916,9,2
917,0,0
917,1,5
917,2,4
917,3,0
917,4,5
917,5,2
917,6,3
917,7,3
917,8,1
917,9,0
918,0,3
918,1,4
918,2,5
918,3,3
918,4,6
918,5,3
918,6,2
918,7,5
918,8,6
918,9,3
919,0,4
919,1,5
919,2,5
919,3,4
919,4,6
919,5,1
919,6,2
919,7,6
919,8,0
919,9,1
920,0,3
920,1,0
920,2,6
920,3,7
920,4,5
920,5,6
920,6,1
920,7,4
920,8,4
920,9,1
921,0,6
921,1,4
921,2,2
921,3,4
921,4,3
921,5,1
921,6,3
921,7,1
921,8,7
921,9,2
922,0,3
922,1,6
922,2,1
922,3,5
922,4,4
922,5,4
922,6,2
922,7,5
922,8,6
922,9,1
923,0,6
923,1,1
923,2,3
923,3,6
923,4,0
923,5,4
923,6,2
923,7,2
923,8,2
923,9,1
924,0,7
924,1,5
924,2,3
924,3,4
924,4,5
924,5,1
924,6,6
924,7,1
924,8,6
924,9,0
925,0,3
925,1,2
925,2,2
925,3,4
925,4,3
925,5,5
925,6,4
925,7,4
925,8,5
925,9,1
926,0,3
926,1,2
926,2,3
926,3,1
926,4,6
926,5,3
926,6,5
926,7,6
926,8,0
926,9,4
927,0,5
927,1,3
927,2,1
927,3,5
927,4,4
927,5,1
927,6,3
927,7,1
927,8,1
927,9,2
928,0,3
928,1,4
928,2,4
928,3,6
928,4,1
928,5,4
928,6,5
928,7,4
928,8,5
928,9,3
929,0,3
929,1,7
929,2,4
929,3,5
929,4,4
929,5,2
929,6,5
929,7,1
929,8,0
929,9,1
930,0,5
930,1,4
930,2,5
930,3,1
930,4,2
930,5,7
930,6,4
930,7,5
930,8,1
930,9,4
931,0,4
931,1,5
931,2,5
931,3,1
931,4,7
931,5,5
931,6,4
931,7,4
931,8,4
931,9,4
932,0,1
932,1,5
932,2,4
932,3,3
932,4,0
932,5,6
932,6,3
932,7,0
932,8,3
932,9,5
933,0,6
933,1,5
933,2,3
933,3,3
933,4,2
933,5,4
933,6,4
933,7,5
933,8,4
933,9,3
934,0,4
934,1,3
934,2,0
934,3,3
934,4,5
934,5,4
934,6,5
934,7,5
934,8,5
934,9,3
935,0,4
935,1,1
935,2,6
935,3,6
935,4,6
935,5,6
935,6,4
935,7,4
935,8,1
935,9,4
936,0,2
936,1,5
936,2,6
936,3,2
936,4,3
936,5,2
936,6,4
936,7,2
936,8,3
936,9,4
937,0,2
937,1,3
937,2,3
937,3,3
937,4,2
937,5,2
937,6,2
937,7,6
937,8,4
937,9,1
938,0,6
938,1,4
938,2,1
938,3,6
938,4,2
938,5,6
938,6,1
938,7,4
938,8,5
938,9,1
939,0,3
939,1,0
939,2,6
939,3,4
939,4,2
939,5,0
939,6,6
939,7,4
939,8,7
939,9,5
940,0,4
940,1,5
940,2,4
940,3,6
940,4,6
940,5,4
940,6,5
940,7,3
940,8,1
940,9,4
941,0,4
941,1,3
941,2,4
941,3,2
941,4,3
941,5,4
941,6,3
941,7,5
941,8,1
941,9,2
942,0,4
942,1,0
942,2,4
942,3,4
942,4,2
942,5,5
942,6,4
942,7,4
942,8,4
942,9,2
943,0,1
943,1,7
943,2,2
943,3,5
943,4,3
943,5,3
943,6,5
943,7,4
943,8,0
943,9,5
944,0,3
944,1,3
944,2,5
944,3,0
944,4,0
944,5,4
944,6,6
944,7,0
944,8,1
944,9,3
945,0,1
945,1,3
945,2,8
945,3,3
945,4,3
945,5,5
945,6,2
945,7,4
945,8,5
945,9,4
946,0,6
946,1,7
946,2,6
946,3,1
946,4,1
946,5,1
946,6,5
946,7,1
946,8,6
946,9,1
947,0,7
947,1,3
947,2,5
947,3,3
947,4,4
947,5,5
947,6,3
947,7,2
947,8,6
947,9,1
948,0,4
948,1,3
948,2,4
948,3,3
948,4,4
948,5,2
948,6,2
948,7,1
948,8,3
948,9,6
949,0,6
949,1,8
949,2,1
949,3,1
949,4,8
949,5,0
949,6,0
949,7,7
949,8,2
949,9,8
950,0,5
950,1,2
950,2,7
950,3,6
950,4,3
950,5,4
950,6,4
950,7,2
950,8,4
950,9,2
951,0,1
951,1,2
951,2,1
951,3,5
951,4,1
951,5,3
951,6,1
951,7,2
951,8,8
951,9,4
952,0,3
952,1,6
952,2,3
952,3,6
952,4,7
952,5,4
952,6,1
952,7,4
952,8,6
952,9,3
953,0,7
953,1,6
953,2,2
953,3,5
953,4,7
953,5,6
953,6,0
953,7,3
953,8,1
953,9,5
954,0,6
954,1,5
954,2,6
954,3,0
954,4,3
954,5,7
954,6,0
954,7,4
954,8,1
954,9,2
955,0,4
955,1,6
955,2,4
955,3,5
955,4,1
955,5,5
955,6,6
955,7,2
955,8,6
955,9,5
956,0,2
956,1,1
956,2,8
956,3,5
956,4,1
956,5,6
956,6,6
956,7,0
956,8,3
956,9,4
957,0,8
957,1,0
957,2,3
957,3,7
957,4,2
957,5,8
957,6,1
957,7,2
957,8,4
957,9,5
958,0,9
958,1,2
958,2,5
958,3,6
958,4,7
958,5,7
958,6,2
958,7,8
958,8,3
958,9,6
959,0,5
959,1,5
959,2,2
959,3,3
959,4,4
959,5,2
959,6,1
959,7,3
959,8,2
959,9,7
960,0,3
960,1,2
960,2,8
960,3,6
960,4,3
960,5,1
960,6,7
960,7,3
960,8,4
960,9,4
961,0,2
961,1,5
961,2,2
961,3,6
961,4,1
961,5,7
961,6,1
961,7,4
961,8,9
961,9,4
962,0,1
962,1,0
962,2,4
962,3,3
962,4,2
962,5,1
962,6,7
962,7,3
962,8,5
962,9,3
963,0,2
963,1,3
963,2,3
963,3,4
963,4,4
963,5,3
963,6,3
963,7,3
963,8,2
963,9,5
964,0,3
964,1,2
964,2,4
964,3,7
964,4,3
964,5,3
964,6,4
964,7,4
964,8,6
964,9,3
965,0,6
965,1,3
965,2,6
965,3,3
965,4,8
965,5,2
965,6,0
965,7,0
965,8,0
965,9,3
966,0,1
966,1,6
966,2,1
966,3,5
966,4,3
966,5,7
966,6,7
966,7,8
966,8,2
966,9,8
967,0,4
967,1,7
967,2,4
967,3,7
967,4,0
967,5,4
967,6,3
967,7,3
967,8,3
967,9,0
968,0,5
968,1,2
968,2,7
968,3,4
968,4,8
968,5,2
968,6,3
968,7,1
968,8,4
968,9,1
969,0,2
969,1,3
969,2,1
969,3,6
969,4,1
969,5,4
969,6,2
969,7,2
969,8,6
969,9,1
970,0,7
970,1,6
970,2,1
970,3,2
970,4,1
970,5,4
970,6,6
970,7,4
970,8,6
970,9,0
971,0,3
971,1,7
971,2,7
971,3,1
971,4,5
971,5,1
971,6,5
971,7,5
971,8,0
971,9,6
972,0,2
972,1,6
972,2,5
972,3,0
972,4,8
972,5,4
972,6,7
972,7,5
972,8,6
972,9,5
973,0,6
973,1,2
973,2,6
973,3,6
973,4,1
973,5,3
973,6,3
973,7,0
973,8,4
973,9,5
974,0,2
974,1,2
974,2,5
974,3,4
974,4,3
974,5,0
974,6,3
974,7,6
974,8,3
974,9,7
975,0,6
975,1,5
975,2,3
975,3,4
975,4,4
975,5,0
975,6,3
975,7,0
975,8,4
975,9,6
976,0,6
976,1,5
976,2,2
976,3,1
976,4,1
976,5,4
976,6,8
976,7,0
976,8,8
976,9,7
977,0,0
977,1,4
977,2,5
977,3,5
977,4,5
977,5,3
977,6,4
977,7,3
977,8,7
977,9,5
978,0,7
978,1,7
978,2,5
978,3,7
978,4,4
978,5,1
978,6,4
978,7,0
978,8,2
978,9,5
979,0,3
979,1,5
979,2,6
979,3,6
979,4,6
979,5,3
979,6,2
979,7,5
979,8,1
979,9,2
980,0,0
980,1,5
980,2,2
980,3,3
980,4,3
980,5,5
980,6,2
980,7,1
980,8,1
980,9,4
981,0,8
981,1,2
981,2,5
981,3,3
981,4,4
981,5,6
981,6,6
981,7,3
981,8,1
981,9,1
982,0,6
982,1,3
982,2,7
982,3,4
982,4,3
982,5,7
982,6,7
982,7,4
982,8,2
982,9,5
983,0,3
983,1,0
983,2,3
983,3,3
983,4,1
983,5,3
983,6,5
983,7,4
983,8,6
983,9,1
984,0,6
984,1,3
984,2,3
984,3,3
984,4,3
984,5,2
984,6,6
984,7,3
984,8,6
984,9,5
985,0,5
985,1,6
985,2,6
985,3,5
985,4,5
985,5,4
985,6,1
985,7,7
985,8,4
985,9,6
986,0,6
986,1,6
986,2,6
986,3,6
986,4,4
986,5,0
986,6,2
986,7,6
986,8,5
986,9,3
987,0,0
987,1,6
987,2,6
987,3,1
987,4,4
987,5,4
987,6,8
987,7,0
987,8,3
987,9,3
988,0,6
988,1,7
988,2,5
988,3,4
988,4,4
988,5,2
988,6,7
988,7,6
988,8,2
988,9,3
989,0,8
989,1,4
989,2,8
989,3,7
989,4,4
989,5,6
989,6,4
989,7,4
989,8,2
989,9,4
990,0,7
990,1,0
990,2,5
990,3,6
990,4,0
990,5,5
990,6,3
990,7,6
990,8,7
990,9,5
991,0,3
991,1,7
991,2,3
991,3,2
991,4,4
991,5,6
991,6,5
991,7,5
991,8,3
991,9,1
992,0,0
992,1,6
992,2,6
992,3,5
992,4,3
992,5,4
992,6,6
992,7,8
992,8,5
992,9,4
993,0,7
993,1,4
993,2,0
993,3,4
993,4,6
993,5,5
993,6,2
993,7,7
993,8,4
993,9,7
994,0,6
994,1,4
994,2,6
994,3,3
994,4,5
994,5,6
994,6,4
994,7,5
994,8,6
994,9,4
995,0,3
995,1,3
995,2,5
995,3,3
995,4,8
995,5,5
995,6,6
995,7,3
995,8,4
995,9,7
996,0,2
996,1,4
996,2,4
996,3,5
996,4,6
996,5,6
996,6,4
996,7,7
996,8,2
996,9,7
997,0,1
997,1,6
997,2,6
997,3,4
997,4,5
997,5,1
997,6,5
997,7,6
997,8,3
997,9,2
998,0,7
998,1,8
998,2,0
998,3,7
998,4,3
998,5,2
998,6,8
998,7,3
998,8,1
998,9,0
999,0,1
999,1,5
999,2,3
999,3,6
999,4,6
999,5,6
999,6,5
999,7,2
999,8,4
999,9,4
